"scientificname","worms_id","decimallatitude","decimallongitude","depth","year","month","measurementvalue","measurementunit","taxonrank"
1,"1 50 null 3",51.5,150.5,1,"2010",6,0.089229793590237,"virtualspecies","virtualspecies"
1,"1 50 null 3",28.5,-122.5,1,"2010",6,3.4999373579903e-05,"virtualspecies","virtualspecies"
1,"1 50 null 3",53.5,173.5,1,"2010",6,9.92040504534694e-05,"virtualspecies","virtualspecies"
1,"1 50 null 3",-20.5,43.5,1,"2010",6,1.8071274318955e-05,"virtualspecies","virtualspecies"
1,"1 50 null 3",-59.5,48.5,1,"2010",6,1.38114747826909e-05,"virtualspecies","virtualspecies"
1,"1 50 null 3",-27.5,73.5,1,"2010",6,6.43049457833501e-05,"virtualspecies","virtualspecies"
1,"1 50 null 3",-47.5,99.5,1,"2010",6,1.77977644769701e-05,"virtualspecies","virtualspecies"
1,"1 50 null 3",13.5,-171.5,1,"2010",6,6.92213406086741e-05,"virtualspecies","virtualspecies"
1,"1 50 null 3",-57.5,-6.5,1,"2010",6,0.000155040999052337,"virtualspecies","virtualspecies"
1,"1 50 null 3",51.5,170.5,1,"2010",6,1.18273623263029e-05,"virtualspecies","virtualspecies"
1,"1 50 null 3",22.5,-66.5,1,"2010",6,0.000121810137400046,"virtualspecies","virtualspecies"
1,"1 50 null 3",20.5,-141.5,1,"2010",6,2.29169252253495e-05,"virtualspecies","virtualspecies"
1,"1 50 null 3",-39.5,171.5,1,"2010",6,7.30418510546467e-05,"virtualspecies","virtualspecies"
1,"1 50 null 3",-41.5,124.5,1,"2010",6,7.19806024290339e-05,"virtualspecies","virtualspecies"
1,"1 50 null 3",-54.5,-92.5,1,"2010",6,5.5415947127276e-05,"virtualspecies","virtualspecies"
1,"1 50 null 3",-59.5,-113.5,1,"2010",6,4.64631068770654e-05,"virtualspecies","virtualspecies"
1,"1 50 null 3",25.5,-164.5,1,"2010",6,3.18394577676823e-05,"virtualspecies","virtualspecies"
1,"1 50 null 3",-48.5,-39.5,1,"2010",6,4.24215243398281e-05,"virtualspecies","virtualspecies"
1,"1 50 null 3",-51.5,73.5,1,"2010",6,0.000187564365963383,"virtualspecies","virtualspecies"
1,"1 50 null 3",19.5,-150.5,1,"2010",6,1.41434514947219e-05,"virtualspecies","virtualspecies"
1,"1 50 null 3",4.5,-137.5,1,"2010",6,4.98762752205689e-05,"virtualspecies","virtualspecies"
1,"1 50 null 3",-57.5,46.5,1,"2010",6,4.35709478993917e-05,"virtualspecies","virtualspecies"
1,"1 50 null 3",-31.5,-127.5,1,"2010",6,9.7341390669097e-05,"virtualspecies","virtualspecies"
1,"1 50 null 3",-60.5,23.5,1,"2010",6,8.2118435348494e-05,"virtualspecies","virtualspecies"
1,"1 50 null 3",15.5,64.5,1,"2010",6,9.58811074406514e-05,"virtualspecies","virtualspecies"
1,"1 50 null 3",43.5,-169.5,1,"2010",6,9.47602818124628e-05,"virtualspecies","virtualspecies"
1,"1 50 null 3",16.5,-73.5,1,"2010",6,0.00020149547037132,"virtualspecies","virtualspecies"
1,"1 50 null 3",-25.5,-110.5,1,"2010",6,7.15863683891757e-05,"virtualspecies","virtualspecies"
1,"1 50 null 3",32.5,-147.5,1,"2010",6,0.000455020372348246,"virtualspecies","virtualspecies"
1,"1 50 null 3",-68.5,-146.5,1,"2010",6,3.01608121162748e-05,"virtualspecies","virtualspecies"
1,"1 50 null 3",-52.5,22.5,1,"2010",6,0.000142302361725746,"virtualspecies","virtualspecies"
1,"1 50 null 3",76.5,-134.5,1,"2010",6,9.0841005737814e-06,"virtualspecies","virtualspecies"
1,"1 50 null 3",-6.5,-128.5,1,"2010",6,4.21983777208528e-05,"virtualspecies","virtualspecies"
1,"1 50 null 3",-9.5,152.5,1,"2010",6,0.000258542942494761,"virtualspecies","virtualspecies"
1,"1 50 null 3",-63.5,-95.5,1,"2010",6,9.02688865228476e-05,"virtualspecies","virtualspecies"
1,"1 50 null 3",25.5,-167.5,1,"2010",6,0.000183557250032804,"virtualspecies","virtualspecies"
1,"1 50 null 3",-2.5,-22.5,1,"2010",6,1.43580533447887e-05,"virtualspecies","virtualspecies"
1,"1 50 null 3",-64.5,-137.5,1,"2010",6,5.42823870132355e-05,"virtualspecies","virtualspecies"
1,"1 50 null 3",-40.5,-166.5,1,"2010",6,0.000201229557882809,"virtualspecies","virtualspecies"
1,"1 50 null 3",-47.5,-20.5,1,"2010",6,2.5177007060018e-05,"virtualspecies","virtualspecies"
1,"1 50 null 3",5.5,-136.5,1,"2010",6,2.45778265468617e-05,"virtualspecies","virtualspecies"
1,"1 50 null 3",-39.5,19.5,1,"2010",6,3.96416048441796e-05,"virtualspecies","virtualspecies"
1,"1 50 null 3",-26.5,-45.5,1,"2010",6,8.88682984122209e-05,"virtualspecies","virtualspecies"
1,"1 50 null 3",-14.5,56.5,1,"2010",6,5.17657495127259e-06,"virtualspecies","virtualspecies"
1,"1 50 null 3",-28.5,-5.5,1,"2010",6,7.80164559643376e-05,"virtualspecies","virtualspecies"
1,"1 50 null 3",-46.5,-80.5,1,"2010",6,0.000148372915450535,"virtualspecies","virtualspecies"
1,"1 50 null 3",-66.5,8.5,1,"2010",6,3.20593676305267e-05,"virtualspecies","virtualspecies"
1,"1 50 null 3",-37.5,137.5,1,"2010",6,0.000342088203350301,"virtualspecies","virtualspecies"
1,"1 50 null 3",8.5,-154.5,1,"2010",6,1.91462058282934e-05,"virtualspecies","virtualspecies"
1,"1 50 null 3",-2.5,-106.5,1,"2010",6,0.000116901191053099,"virtualspecies","virtualspecies"
2,"2 50 null 3",51.5,150.5,1,"2010",6,6.82478980101585e-05,"virtualspecies","virtualspecies"
2,"2 50 null 3",28.5,-122.5,1,"2010",6,0.003903950125594,"virtualspecies","virtualspecies"
2,"2 50 null 3",53.5,173.5,1,"2010",6,4.67891490050316e-05,"virtualspecies","virtualspecies"
2,"2 50 null 3",-20.5,43.5,1,"2010",6,0.772369292624716,"virtualspecies","virtualspecies"
2,"2 50 null 3",-59.5,48.5,1,"2010",6,2.58581617955493e-06,"virtualspecies","virtualspecies"
2,"2 50 null 3",-27.5,73.5,1,"2010",6,1.90259550690527,"virtualspecies","virtualspecies"
2,"2 50 null 3",-47.5,99.5,1,"2010",6,0.000140375914530805,"virtualspecies","virtualspecies"
2,"2 50 null 3",13.5,-171.5,1,"2010",6,1.89993976618985,"virtualspecies","virtualspecies"
2,"2 50 null 3",-57.5,-6.5,1,"2010",6,6.60387208216122e-06,"virtualspecies","virtualspecies"
2,"2 50 null 3",51.5,170.5,1,"2010",6,1.75023585625257e-05,"virtualspecies","virtualspecies"
2,"2 50 null 3",22.5,-66.5,1,"2010",6,0.403685897766716,"virtualspecies","virtualspecies"
2,"2 50 null 3",20.5,-141.5,1,"2010",6,1.9947674183236,"virtualspecies","virtualspecies"
2,"2 50 null 3",-39.5,171.5,1,"2010",6,0.0420988390112826,"virtualspecies","virtualspecies"
2,"2 50 null 3",-41.5,124.5,1,"2010",6,0.000852218106309746,"virtualspecies","virtualspecies"
2,"2 50 null 3",-54.5,-92.5,1,"2010",6,0.000233270910267347,"virtualspecies","virtualspecies"
2,"2 50 null 3",-59.5,-113.5,1,"2010",6,1.53059395749221e-05,"virtualspecies","virtualspecies"
2,"2 50 null 3",25.5,-164.5,1,"2010",6,6.06637828587191,"virtualspecies","virtualspecies"
2,"2 50 null 3",-48.5,-39.5,1,"2010",6,4.31619623702009e-05,"virtualspecies","virtualspecies"
2,"2 50 null 3",-51.5,73.5,1,"2010",6,1.28117017650891e-05,"virtualspecies","virtualspecies"
2,"2 50 null 3",19.5,-150.5,1,"2010",6,3.89530965634404,"virtualspecies","virtualspecies"
2,"2 50 null 3",4.5,-137.5,1,"2010",6,0.156393243138128,"virtualspecies","virtualspecies"
2,"2 50 null 3",-57.5,46.5,1,"2010",6,3.87899989918786e-05,"virtualspecies","virtualspecies"
2,"2 50 null 3",-31.5,-127.5,1,"2010",6,0.143017253441019,"virtualspecies","virtualspecies"
2,"2 50 null 3",-60.5,23.5,1,"2010",6,0.000286825748324536,"virtualspecies","virtualspecies"
2,"2 50 null 3",15.5,64.5,1,"2010",6,0.966313236290772,"virtualspecies","virtualspecies"
2,"2 50 null 3",43.5,-169.5,1,"2010",6,0.000108947352438251,"virtualspecies","virtualspecies"
2,"2 50 null 3",16.5,-73.5,1,"2010",6,3.57597271365108,"virtualspecies","virtualspecies"
2,"2 50 null 3",-25.5,-110.5,1,"2010",6,0.715889918048042,"virtualspecies","virtualspecies"
2,"2 50 null 3",32.5,-147.5,1,"2010",6,0.277223098678353,"virtualspecies","virtualspecies"
2,"2 50 null 3",-68.5,-146.5,1,"2010",6,4.34996642008515e-05,"virtualspecies","virtualspecies"
2,"2 50 null 3",-52.5,22.5,1,"2010",6,0.000117420415702092,"virtualspecies","virtualspecies"
2,"2 50 null 3",76.5,-134.5,1,"2010",6,7.32288396808528e-06,"virtualspecies","virtualspecies"
2,"2 50 null 3",-6.5,-128.5,1,"2010",6,1.69918362708848,"virtualspecies","virtualspecies"
2,"2 50 null 3",-9.5,152.5,1,"2010",6,1.40733802740002,"virtualspecies","virtualspecies"
2,"2 50 null 3",-63.5,-95.5,1,"2010",6,6.54823667445441e-06,"virtualspecies","virtualspecies"
2,"2 50 null 3",25.5,-167.5,1,"2010",6,0.511064575740006,"virtualspecies","virtualspecies"
2,"2 50 null 3",-2.5,-22.5,1,"2010",6,1.18191059368668,"virtualspecies","virtualspecies"
2,"2 50 null 3",-64.5,-137.5,1,"2010",6,2.78479840059017e-05,"virtualspecies","virtualspecies"
2,"2 50 null 3",-40.5,-166.5,1,"2010",6,0.00594370339965484,"virtualspecies","virtualspecies"
2,"2 50 null 3",-47.5,-20.5,1,"2010",6,2.34871672091504e-05,"virtualspecies","virtualspecies"
2,"2 50 null 3",5.5,-136.5,1,"2010",6,0.591549491631959,"virtualspecies","virtualspecies"
2,"2 50 null 3",-39.5,19.5,1,"2010",6,0.907008268641848,"virtualspecies","virtualspecies"
2,"2 50 null 3",-26.5,-45.5,1,"2010",6,1.86738297874939,"virtualspecies","virtualspecies"
2,"2 50 null 3",-14.5,56.5,1,"2010",6,3.15050074228507,"virtualspecies","virtualspecies"
2,"2 50 null 3",-28.5,-5.5,1,"2010",6,1.01665466144293,"virtualspecies","virtualspecies"
2,"2 50 null 3",-46.5,-80.5,1,"2010",6,0.000263052990359942,"virtualspecies","virtualspecies"
2,"2 50 null 3",-66.5,8.5,1,"2010",6,2.76096262203291e-05,"virtualspecies","virtualspecies"
2,"2 50 null 3",-37.5,137.5,1,"2010",6,0.0410748297042916,"virtualspecies","virtualspecies"
2,"2 50 null 3",8.5,-154.5,1,"2010",6,2.86993556986552,"virtualspecies","virtualspecies"
2,"2 50 null 3",-2.5,-106.5,1,"2010",6,0.00499558490451381,"virtualspecies","virtualspecies"
3,"3 50 null 3",51.5,150.5,1,"2010",6,2.96502785361093e-05,"virtualspecies","virtualspecies"
3,"3 50 null 3",28.5,-122.5,1,"2010",6,0.579748051393932,"virtualspecies","virtualspecies"
3,"3 50 null 3",53.5,173.5,1,"2010",6,0.000194093032290107,"virtualspecies","virtualspecies"
3,"3 50 null 3",-20.5,43.5,1,"2010",6,0.576064028145476,"virtualspecies","virtualspecies"
3,"3 50 null 3",-59.5,48.5,1,"2010",6,0.00182006673676226,"virtualspecies","virtualspecies"
3,"3 50 null 3",-27.5,73.5,1,"2010",6,2.43434761775885,"virtualspecies","virtualspecies"
3,"3 50 null 3",-47.5,99.5,1,"2010",6,1.13991818309165,"virtualspecies","virtualspecies"
3,"3 50 null 3",13.5,-171.5,1,"2010",6,6.91534351831713,"virtualspecies","virtualspecies"
3,"3 50 null 3",-57.5,-6.5,1,"2010",6,0.00878252495818724,"virtualspecies","virtualspecies"
3,"3 50 null 3",51.5,170.5,1,"2010",6,2.10912267234492,"virtualspecies","virtualspecies"
3,"3 50 null 3",22.5,-66.5,1,"2010",6,4.52803513761634,"virtualspecies","virtualspecies"
3,"3 50 null 3",20.5,-141.5,1,"2010",6,0.51387738405304,"virtualspecies","virtualspecies"
3,"3 50 null 3",-39.5,171.5,1,"2010",6,5.03877087325131,"virtualspecies","virtualspecies"
3,"3 50 null 3",-41.5,124.5,1,"2010",6,1.76201947131553,"virtualspecies","virtualspecies"
3,"3 50 null 3",-54.5,-92.5,1,"2010",6,0.467691785380817,"virtualspecies","virtualspecies"
3,"3 50 null 3",-59.5,-113.5,1,"2010",6,0.548218290869529,"virtualspecies","virtualspecies"
3,"3 50 null 3",25.5,-164.5,1,"2010",6,9.96258308107264,"virtualspecies","virtualspecies"
3,"3 50 null 3",-48.5,-39.5,1,"2010",6,0.383995766944606,"virtualspecies","virtualspecies"
3,"3 50 null 3",-51.5,73.5,1,"2010",6,0.444278133639172,"virtualspecies","virtualspecies"
3,"3 50 null 3",19.5,-150.5,1,"2010",6,5.09903598802478,"virtualspecies","virtualspecies"
3,"3 50 null 3",4.5,-137.5,1,"2010",6,0.12083929978383,"virtualspecies","virtualspecies"
3,"3 50 null 3",-57.5,46.5,1,"2010",6,0.00541608395480724,"virtualspecies","virtualspecies"
3,"3 50 null 3",-31.5,-127.5,1,"2010",6,0.228744455195208,"virtualspecies","virtualspecies"
3,"3 50 null 3",-60.5,23.5,1,"2010",6,0.0327449206233431,"virtualspecies","virtualspecies"
3,"3 50 null 3",15.5,64.5,1,"2010",6,0.628735805906511,"virtualspecies","virtualspecies"
3,"3 50 null 3",43.5,-169.5,1,"2010",6,0.26236585958577,"virtualspecies","virtualspecies"
3,"3 50 null 3",16.5,-73.5,1,"2010",6,1.14753660211652,"virtualspecies","virtualspecies"
3,"3 50 null 3",-25.5,-110.5,1,"2010",6,0.330953828274401,"virtualspecies","virtualspecies"
3,"3 50 null 3",32.5,-147.5,1,"2010",6,1.31121668706449,"virtualspecies","virtualspecies"
3,"3 50 null 3",-68.5,-146.5,1,"2010",6,0.681381750510895,"virtualspecies","virtualspecies"
3,"3 50 null 3",-52.5,22.5,1,"2010",6,0.0047399962715365,"virtualspecies","virtualspecies"
3,"3 50 null 3",76.5,-134.5,1,"2010",6,18.1147751312764,"virtualspecies","virtualspecies"
3,"3 50 null 3",-6.5,-128.5,1,"2010",6,0.0181240989078338,"virtualspecies","virtualspecies"
3,"3 50 null 3",-9.5,152.5,1,"2010",6,1.71531921201041,"virtualspecies","virtualspecies"
3,"3 50 null 3",-63.5,-95.5,1,"2010",6,0.115167992236641,"virtualspecies","virtualspecies"
3,"3 50 null 3",25.5,-167.5,1,"2010",6,3.13106397407645,"virtualspecies","virtualspecies"
3,"3 50 null 3",-2.5,-22.5,1,"2010",6,1.22031603965539,"virtualspecies","virtualspecies"
3,"3 50 null 3",-64.5,-137.5,1,"2010",6,0.0162244186479504,"virtualspecies","virtualspecies"
3,"3 50 null 3",-40.5,-166.5,1,"2010",6,1.79475614194617,"virtualspecies","virtualspecies"
3,"3 50 null 3",-47.5,-20.5,1,"2010",6,5.31152653974193,"virtualspecies","virtualspecies"
3,"3 50 null 3",5.5,-136.5,1,"2010",6,0.962908342673693,"virtualspecies","virtualspecies"
3,"3 50 null 3",-39.5,19.5,1,"2010",6,9.03534494655536,"virtualspecies","virtualspecies"
3,"3 50 null 3",-26.5,-45.5,1,"2010",6,2.65726588079215,"virtualspecies","virtualspecies"
3,"3 50 null 3",-14.5,56.5,1,"2010",6,0.133751141733814,"virtualspecies","virtualspecies"
3,"3 50 null 3",-28.5,-5.5,1,"2010",6,0.294337477276195,"virtualspecies","virtualspecies"
3,"3 50 null 3",-46.5,-80.5,1,"2010",6,3.00557704409386,"virtualspecies","virtualspecies"
3,"3 50 null 3",-66.5,8.5,1,"2010",6,0.000296954342020539,"virtualspecies","virtualspecies"
3,"3 50 null 3",-37.5,137.5,1,"2010",6,0.971262101423061,"virtualspecies","virtualspecies"
3,"3 50 null 3",8.5,-154.5,1,"2010",6,1.67861425304992,"virtualspecies","virtualspecies"
3,"3 50 null 3",-2.5,-106.5,1,"2010",6,0.000500813691197369,"virtualspecies","virtualspecies"
4,"4 50 null 3",51.5,150.5,1,"2010",6,1.42937699344264e-05,"virtualspecies","virtualspecies"
4,"4 50 null 3",28.5,-122.5,1,"2010",6,0.0644433572211108,"virtualspecies","virtualspecies"
4,"4 50 null 3",53.5,173.5,1,"2010",6,0.150000028036638,"virtualspecies","virtualspecies"
4,"4 50 null 3",-20.5,43.5,1,"2010",6,1.23283558305955,"virtualspecies","virtualspecies"
4,"4 50 null 3",-59.5,48.5,1,"2010",6,0.23839346671638,"virtualspecies","virtualspecies"
4,"4 50 null 3",-27.5,73.5,1,"2010",6,1.49012438424944,"virtualspecies","virtualspecies"
4,"4 50 null 3",-47.5,99.5,1,"2010",6,0.254638367868092,"virtualspecies","virtualspecies"
4,"4 50 null 3",13.5,-171.5,1,"2010",6,4.99199647482043,"virtualspecies","virtualspecies"
4,"4 50 null 3",-57.5,-6.5,1,"2010",6,0.555320860294999,"virtualspecies","virtualspecies"
4,"4 50 null 3",51.5,170.5,1,"2010",6,1.86672805694814,"virtualspecies","virtualspecies"
4,"4 50 null 3",22.5,-66.5,1,"2010",6,5.73150882655689,"virtualspecies","virtualspecies"
4,"4 50 null 3",20.5,-141.5,1,"2010",6,3.44163874041298,"virtualspecies","virtualspecies"
4,"4 50 null 3",-39.5,171.5,1,"2010",6,3.42000086943926,"virtualspecies","virtualspecies"
4,"4 50 null 3",-41.5,124.5,1,"2010",6,1.53651740566911,"virtualspecies","virtualspecies"
4,"4 50 null 3",-54.5,-92.5,1,"2010",6,1.07882131579314,"virtualspecies","virtualspecies"
4,"4 50 null 3",-59.5,-113.5,1,"2010",6,1.04272293855472,"virtualspecies","virtualspecies"
4,"4 50 null 3",25.5,-164.5,1,"2010",6,0.416851005034572,"virtualspecies","virtualspecies"
4,"4 50 null 3",-48.5,-39.5,1,"2010",6,0.977218127161095,"virtualspecies","virtualspecies"
4,"4 50 null 3",-51.5,73.5,1,"2010",6,0.515856078915303,"virtualspecies","virtualspecies"
4,"4 50 null 3",19.5,-150.5,1,"2010",6,0.409301716841903,"virtualspecies","virtualspecies"
4,"4 50 null 3",4.5,-137.5,1,"2010",6,0.268893505015469,"virtualspecies","virtualspecies"
4,"4 50 null 3",-57.5,46.5,1,"2010",6,0.57807744044732,"virtualspecies","virtualspecies"
4,"4 50 null 3",-31.5,-127.5,1,"2010",6,0.537332115105801,"virtualspecies","virtualspecies"
4,"4 50 null 3",-60.5,23.5,1,"2010",6,0.410849854704551,"virtualspecies","virtualspecies"
4,"4 50 null 3",15.5,64.5,1,"2010",6,5.77606033093283,"virtualspecies","virtualspecies"
4,"4 50 null 3",43.5,-169.5,1,"2010",6,2.52583458376967,"virtualspecies","virtualspecies"
4,"4 50 null 3",16.5,-73.5,1,"2010",6,0.947832054779921,"virtualspecies","virtualspecies"
4,"4 50 null 3",-25.5,-110.5,1,"2010",6,0.291626873960399,"virtualspecies","virtualspecies"
4,"4 50 null 3",32.5,-147.5,1,"2010",6,0.737875329385855,"virtualspecies","virtualspecies"
4,"4 50 null 3",-68.5,-146.5,1,"2010",6,0.47028236988925,"virtualspecies","virtualspecies"
4,"4 50 null 3",-52.5,22.5,1,"2010",6,0.886038701029912,"virtualspecies","virtualspecies"
4,"4 50 null 3",76.5,-134.5,1,"2010",6,2.05396520705815,"virtualspecies","virtualspecies"
4,"4 50 null 3",-6.5,-128.5,1,"2010",6,6.49284728632148,"virtualspecies","virtualspecies"
4,"4 50 null 3",-9.5,152.5,1,"2010",6,7.70349433564869,"virtualspecies","virtualspecies"
4,"4 50 null 3",-63.5,-95.5,1,"2010",6,0.741856653668273,"virtualspecies","virtualspecies"
4,"4 50 null 3",25.5,-167.5,1,"2010",6,2.15113570720674,"virtualspecies","virtualspecies"
4,"4 50 null 3",-2.5,-22.5,1,"2010",6,0.549591462030686,"virtualspecies","virtualspecies"
4,"4 50 null 3",-64.5,-137.5,1,"2010",6,1.21012181640614,"virtualspecies","virtualspecies"
4,"4 50 null 3",-40.5,-166.5,1,"2010",6,0.419953729727027,"virtualspecies","virtualspecies"
4,"4 50 null 3",-47.5,-20.5,1,"2010",6,1.22299606940571,"virtualspecies","virtualspecies"
4,"4 50 null 3",5.5,-136.5,1,"2010",6,0.251144326460697,"virtualspecies","virtualspecies"
4,"4 50 null 3",-39.5,19.5,1,"2010",6,0.284733296490797,"virtualspecies","virtualspecies"
4,"4 50 null 3",-26.5,-45.5,1,"2010",6,1.341980638824,"virtualspecies","virtualspecies"
4,"4 50 null 3",-14.5,56.5,1,"2010",6,2.41938077816332,"virtualspecies","virtualspecies"
4,"4 50 null 3",-28.5,-5.5,1,"2010",6,1.21468613296621,"virtualspecies","virtualspecies"
4,"4 50 null 3",-46.5,-80.5,1,"2010",6,0.701566738412641,"virtualspecies","virtualspecies"
4,"4 50 null 3",-66.5,8.5,1,"2010",6,0.0602474789331161,"virtualspecies","virtualspecies"
4,"4 50 null 3",-37.5,137.5,1,"2010",6,3.46900795534699,"virtualspecies","virtualspecies"
4,"4 50 null 3",8.5,-154.5,1,"2010",6,4.89052563378859,"virtualspecies","virtualspecies"
4,"4 50 null 3",-2.5,-106.5,1,"2010",6,2.37076753784579,"virtualspecies","virtualspecies"
5,"5 50 null 3",51.5,150.5,1,"2010",6,0.000142458942194531,"virtualspecies","virtualspecies"
5,"5 50 null 3",28.5,-122.5,1,"2010",6,2.39489323132428e-05,"virtualspecies","virtualspecies"
5,"5 50 null 3",53.5,173.5,1,"2010",6,0.520671645496762,"virtualspecies","virtualspecies"
5,"5 50 null 3",-20.5,43.5,1,"2010",6,9.0061595543204e-05,"virtualspecies","virtualspecies"
5,"5 50 null 3",-59.5,48.5,1,"2010",6,0.000902940965610516,"virtualspecies","virtualspecies"
5,"5 50 null 3",-27.5,73.5,1,"2010",6,9.66940594011595e-05,"virtualspecies","virtualspecies"
5,"5 50 null 3",-47.5,99.5,1,"2010",6,0.140024022514114,"virtualspecies","virtualspecies"
5,"5 50 null 3",13.5,-171.5,1,"2010",6,1.13873302529269e-05,"virtualspecies","virtualspecies"
5,"5 50 null 3",-57.5,-6.5,1,"2010",6,0.000718451747827709,"virtualspecies","virtualspecies"
5,"5 50 null 3",51.5,170.5,1,"2010",6,1.77447816723671,"virtualspecies","virtualspecies"
5,"5 50 null 3",22.5,-66.5,1,"2010",6,5.88459456019046e-05,"virtualspecies","virtualspecies"
5,"5 50 null 3",20.5,-141.5,1,"2010",6,2.66433866437235e-05,"virtualspecies","virtualspecies"
5,"5 50 null 3",-39.5,171.5,1,"2010",6,2.64094587426447e-05,"virtualspecies","virtualspecies"
5,"5 50 null 3",-41.5,124.5,1,"2010",6,0.000158029420551432,"virtualspecies","virtualspecies"
5,"5 50 null 3",-54.5,-92.5,1,"2010",6,0.421519469929436,"virtualspecies","virtualspecies"
5,"5 50 null 3",-59.5,-113.5,1,"2010",6,0.521741779338557,"virtualspecies","virtualspecies"
5,"5 50 null 3",25.5,-164.5,1,"2010",6,7.66920024687708e-05,"virtualspecies","virtualspecies"
5,"5 50 null 3",-48.5,-39.5,1,"2010",6,2.79155312994356,"virtualspecies","virtualspecies"
5,"5 50 null 3",-51.5,73.5,1,"2010",6,0.0265342865932094,"virtualspecies","virtualspecies"
5,"5 50 null 3",19.5,-150.5,1,"2010",6,7.51407782097924e-05,"virtualspecies","virtualspecies"
5,"5 50 null 3",4.5,-137.5,1,"2010",6,2.38241893964017e-05,"virtualspecies","virtualspecies"
5,"5 50 null 3",-57.5,46.5,1,"2010",6,0.000708353565150835,"virtualspecies","virtualspecies"
5,"5 50 null 3",-31.5,-127.5,1,"2010",6,0.000138341301838461,"virtualspecies","virtualspecies"
5,"5 50 null 3",-60.5,23.5,1,"2010",6,0.00209059956274875,"virtualspecies","virtualspecies"
5,"5 50 null 3",15.5,64.5,1,"2010",6,1.01465373467365e-05,"virtualspecies","virtualspecies"
5,"5 50 null 3",43.5,-169.5,1,"2010",6,0.000323909091461762,"virtualspecies","virtualspecies"
5,"5 50 null 3",16.5,-73.5,1,"2010",6,0.000164315637444391,"virtualspecies","virtualspecies"
5,"5 50 null 3",-25.5,-110.5,1,"2010",6,8.34411038948321e-05,"virtualspecies","virtualspecies"
5,"5 50 null 3",32.5,-147.5,1,"2010",6,0.000131001002360663,"virtualspecies","virtualspecies"
5,"5 50 null 3",-68.5,-146.5,1,"2010",6,0.00015599241094387,"virtualspecies","virtualspecies"
5,"5 50 null 3",-52.5,22.5,1,"2010",6,0.0258800639397004,"virtualspecies","virtualspecies"
5,"5 50 null 3",76.5,-134.5,1,"2010",6,4.17902726929761,"virtualspecies","virtualspecies"
5,"5 50 null 3",-6.5,-128.5,1,"2010",6,1.05400042418121e-05,"virtualspecies","virtualspecies"
5,"5 50 null 3",-9.5,152.5,1,"2010",6,4.61116052361772e-05,"virtualspecies","virtualspecies"
5,"5 50 null 3",-63.5,-95.5,1,"2010",6,0.0231770416373589,"virtualspecies","virtualspecies"
5,"5 50 null 3",25.5,-167.5,1,"2010",6,5.70422548344103e-06,"virtualspecies","virtualspecies"
5,"5 50 null 3",-2.5,-22.5,1,"2010",6,2.38868045690586e-05,"virtualspecies","virtualspecies"
5,"5 50 null 3",-64.5,-137.5,1,"2010",6,0.000999666046360671,"virtualspecies","virtualspecies"
5,"5 50 null 3",-40.5,-166.5,1,"2010",6,5.42502493157549e-05,"virtualspecies","virtualspecies"
5,"5 50 null 3",-47.5,-20.5,1,"2010",6,0.694242600735114,"virtualspecies","virtualspecies"
5,"5 50 null 3",5.5,-136.5,1,"2010",6,3.46411283461249e-05,"virtualspecies","virtualspecies"
5,"5 50 null 3",-39.5,19.5,1,"2010",6,7.17411392612938e-06,"virtualspecies","virtualspecies"
5,"5 50 null 3",-26.5,-45.5,1,"2010",6,0.000197079433706748,"virtualspecies","virtualspecies"
5,"5 50 null 3",-14.5,56.5,1,"2010",6,0.000175246859410259,"virtualspecies","virtualspecies"
5,"5 50 null 3",-28.5,-5.5,1,"2010",6,8.32099867934473e-06,"virtualspecies","virtualspecies"
5,"5 50 null 3",-46.5,-80.5,1,"2010",6,0.00126679752169457,"virtualspecies","virtualspecies"
5,"5 50 null 3",-66.5,8.5,1,"2010",6,5.76831811712425e-05,"virtualspecies","virtualspecies"
5,"5 50 null 3",-37.5,137.5,1,"2010",6,0.000131373146586465,"virtualspecies","virtualspecies"
5,"5 50 null 3",8.5,-154.5,1,"2010",6,0.000130153679260469,"virtualspecies","virtualspecies"
5,"5 50 null 3",-2.5,-106.5,1,"2010",6,2.90903171333288e-06,"virtualspecies","virtualspecies"
6,"6 50 null 3",51.5,150.5,1,"2010",6,7.37145015753758e-05,"virtualspecies","virtualspecies"
6,"6 50 null 3",28.5,-122.5,1,"2010",6,0.782102104593889,"virtualspecies","virtualspecies"
6,"6 50 null 3",53.5,173.5,1,"2010",6,0.000122008198861306,"virtualspecies","virtualspecies"
6,"6 50 null 3",-20.5,43.5,1,"2010",6,0.000355588144065649,"virtualspecies","virtualspecies"
6,"6 50 null 3",-59.5,48.5,1,"2010",6,2.91805783126232e-05,"virtualspecies","virtualspecies"
6,"6 50 null 3",-27.5,73.5,1,"2010",6,0.00589308922379774,"virtualspecies","virtualspecies"
6,"6 50 null 3",-47.5,99.5,1,"2010",6,1.11753494802547,"virtualspecies","virtualspecies"
6,"6 50 null 3",13.5,-171.5,1,"2010",6,1.19796959134006,"virtualspecies","virtualspecies"
6,"6 50 null 3",-57.5,-6.5,1,"2010",6,3.29522466580968e-05,"virtualspecies","virtualspecies"
6,"6 50 null 3",51.5,170.5,1,"2010",6,0.000410025767461635,"virtualspecies","virtualspecies"
6,"6 50 null 3",22.5,-66.5,1,"2010",6,0.433844207404136,"virtualspecies","virtualspecies"
6,"6 50 null 3",20.5,-141.5,1,"2010",6,2.99642366162606,"virtualspecies","virtualspecies"
6,"6 50 null 3",-39.5,171.5,1,"2010",6,0.00102849932473547,"virtualspecies","virtualspecies"
6,"6 50 null 3",-41.5,124.5,1,"2010",6,0.00226383373845835,"virtualspecies","virtualspecies"
6,"6 50 null 3",-54.5,-92.5,1,"2010",6,1.96709742820879,"virtualspecies","virtualspecies"
6,"6 50 null 3",-59.5,-113.5,1,"2010",6,0.0112129590263419,"virtualspecies","virtualspecies"
6,"6 50 null 3",25.5,-164.5,1,"2010",6,0.216464212356047,"virtualspecies","virtualspecies"
6,"6 50 null 3",-48.5,-39.5,1,"2010",6,1.09495783562575,"virtualspecies","virtualspecies"
6,"6 50 null 3",-51.5,73.5,1,"2010",6,0.0968785188003804,"virtualspecies","virtualspecies"
6,"6 50 null 3",19.5,-150.5,1,"2010",6,0.0865145815007325,"virtualspecies","virtualspecies"
6,"6 50 null 3",4.5,-137.5,1,"2010",6,0.0444725490923157,"virtualspecies","virtualspecies"
6,"6 50 null 3",-57.5,46.5,1,"2010",6,0.000984146105045122,"virtualspecies","virtualspecies"
6,"6 50 null 3",-31.5,-127.5,1,"2010",6,0.0580935004558248,"virtualspecies","virtualspecies"
6,"6 50 null 3",-60.5,23.5,1,"2010",6,4.74471154810792e-05,"virtualspecies","virtualspecies"
6,"6 50 null 3",15.5,64.5,1,"2010",6,0.0583058395866176,"virtualspecies","virtualspecies"
6,"6 50 null 3",43.5,-169.5,1,"2010",6,0.0740140401560651,"virtualspecies","virtualspecies"
6,"6 50 null 3",16.5,-73.5,1,"2010",6,0.446828811514887,"virtualspecies","virtualspecies"
6,"6 50 null 3",-25.5,-110.5,1,"2010",6,0.0564013016079354,"virtualspecies","virtualspecies"
6,"6 50 null 3",32.5,-147.5,1,"2010",6,1.14185266590459,"virtualspecies","virtualspecies"
6,"6 50 null 3",-68.5,-146.5,1,"2010",6,0.00148254426108322,"virtualspecies","virtualspecies"
6,"6 50 null 3",-52.5,22.5,1,"2010",6,0.000206854148061581,"virtualspecies","virtualspecies"
6,"6 50 null 3",76.5,-134.5,1,"2010",6,0.229111647504044,"virtualspecies","virtualspecies"
6,"6 50 null 3",-6.5,-128.5,1,"2010",6,5.60449554706869e-05,"virtualspecies","virtualspecies"
6,"6 50 null 3",-9.5,152.5,1,"2010",6,0.00127616997585776,"virtualspecies","virtualspecies"
6,"6 50 null 3",-63.5,-95.5,1,"2010",6,0.00115182173950353,"virtualspecies","virtualspecies"
6,"6 50 null 3",25.5,-167.5,1,"2010",6,2.93121715038675,"virtualspecies","virtualspecies"
6,"6 50 null 3",-2.5,-22.5,1,"2010",6,0.399182568174751,"virtualspecies","virtualspecies"
6,"6 50 null 3",-64.5,-137.5,1,"2010",6,0.000357220055902918,"virtualspecies","virtualspecies"
6,"6 50 null 3",-40.5,-166.5,1,"2010",6,0.00236602941411164,"virtualspecies","virtualspecies"
6,"6 50 null 3",-47.5,-20.5,1,"2010",6,1.54146428437859,"virtualspecies","virtualspecies"
6,"6 50 null 3",5.5,-136.5,1,"2010",6,1.51082510351199,"virtualspecies","virtualspecies"
6,"6 50 null 3",-39.5,19.5,1,"2010",6,0.000127363634059652,"virtualspecies","virtualspecies"
6,"6 50 null 3",-26.5,-45.5,1,"2010",6,0.0138172522558466,"virtualspecies","virtualspecies"
6,"6 50 null 3",-14.5,56.5,1,"2010",6,3.03062580888746,"virtualspecies","virtualspecies"
6,"6 50 null 3",-28.5,-5.5,1,"2010",6,2.19899742516188,"virtualspecies","virtualspecies"
6,"6 50 null 3",-46.5,-80.5,1,"2010",6,2.69229605516838,"virtualspecies","virtualspecies"
6,"6 50 null 3",-66.5,8.5,1,"2010",6,4.03967914978312e-05,"virtualspecies","virtualspecies"
6,"6 50 null 3",-37.5,137.5,1,"2010",6,0.000203193128298669,"virtualspecies","virtualspecies"
6,"6 50 null 3",8.5,-154.5,1,"2010",6,4.22718044914215,"virtualspecies","virtualspecies"
6,"6 50 null 3",-2.5,-106.5,1,"2010",6,8.5135940924765e-05,"virtualspecies","virtualspecies"
7,"7 50 null 3",51.5,150.5,1,"2010",6,1.09506353272276,"virtualspecies","virtualspecies"
7,"7 50 null 3",28.5,-122.5,1,"2010",6,1.9069643524762e-05,"virtualspecies","virtualspecies"
7,"7 50 null 3",53.5,173.5,1,"2010",6,0.233813786984784,"virtualspecies","virtualspecies"
7,"7 50 null 3",-20.5,43.5,1,"2010",6,9.67501299463206e-06,"virtualspecies","virtualspecies"
7,"7 50 null 3",-59.5,48.5,1,"2010",6,3.18984698577962e-05,"virtualspecies","virtualspecies"
7,"7 50 null 3",-27.5,73.5,1,"2010",6,4.35989662132777e-06,"virtualspecies","virtualspecies"
7,"7 50 null 3",-47.5,99.5,1,"2010",6,4.48733603921926e-05,"virtualspecies","virtualspecies"
7,"7 50 null 3",13.5,-171.5,1,"2010",6,5.77433206491752e-05,"virtualspecies","virtualspecies"
7,"7 50 null 3",-57.5,-6.5,1,"2010",6,2.34557125963154e-05,"virtualspecies","virtualspecies"
7,"7 50 null 3",51.5,170.5,1,"2010",6,0.000224717283816504,"virtualspecies","virtualspecies"
7,"7 50 null 3",22.5,-66.5,1,"2010",6,7.8114555162518e-05,"virtualspecies","virtualspecies"
7,"7 50 null 3",20.5,-141.5,1,"2010",6,4.85665348471434e-05,"virtualspecies","virtualspecies"
7,"7 50 null 3",-39.5,171.5,1,"2010",6,2.09007875029261e-05,"virtualspecies","virtualspecies"
7,"7 50 null 3",-41.5,124.5,1,"2010",6,0.000152265864199494,"virtualspecies","virtualspecies"
7,"7 50 null 3",-54.5,-92.5,1,"2010",6,0.000207676198325965,"virtualspecies","virtualspecies"
7,"7 50 null 3",-59.5,-113.5,1,"2010",6,0.000132394725801894,"virtualspecies","virtualspecies"
7,"7 50 null 3",25.5,-164.5,1,"2010",6,2.22363490011835e-05,"virtualspecies","virtualspecies"
7,"7 50 null 3",-48.5,-39.5,1,"2010",6,0.000383664522938315,"virtualspecies","virtualspecies"
7,"7 50 null 3",-51.5,73.5,1,"2010",6,4.73159956486235e-05,"virtualspecies","virtualspecies"
7,"7 50 null 3",19.5,-150.5,1,"2010",6,2.55339259688486e-05,"virtualspecies","virtualspecies"
7,"7 50 null 3",4.5,-137.5,1,"2010",6,2.09883073829514e-05,"virtualspecies","virtualspecies"
7,"7 50 null 3",-57.5,46.5,1,"2010",6,0.000117753434915059,"virtualspecies","virtualspecies"
7,"7 50 null 3",-31.5,-127.5,1,"2010",6,4.35793721703979e-05,"virtualspecies","virtualspecies"
7,"7 50 null 3",-60.5,23.5,1,"2010",6,1.27320822666003e-05,"virtualspecies","virtualspecies"
7,"7 50 null 3",15.5,64.5,1,"2010",6,0.000155135221300093,"virtualspecies","virtualspecies"
7,"7 50 null 3",43.5,-169.5,1,"2010",6,0.00173088057621248,"virtualspecies","virtualspecies"
7,"7 50 null 3",16.5,-73.5,1,"2010",6,7.2282509393019e-05,"virtualspecies","virtualspecies"
7,"7 50 null 3",-25.5,-110.5,1,"2010",6,1.87193346590913e-05,"virtualspecies","virtualspecies"
7,"7 50 null 3",32.5,-147.5,1,"2010",6,7.10135643306315e-05,"virtualspecies","virtualspecies"
7,"7 50 null 3",-68.5,-146.5,1,"2010",6,0.000503203581905102,"virtualspecies","virtualspecies"
7,"7 50 null 3",-52.5,22.5,1,"2010",6,2.18547263851619e-05,"virtualspecies","virtualspecies"
7,"7 50 null 3",76.5,-134.5,1,"2010",6,0.000478856796040948,"virtualspecies","virtualspecies"
7,"7 50 null 3",-6.5,-128.5,1,"2010",6,0.000154768744358792,"virtualspecies","virtualspecies"
7,"7 50 null 3",-9.5,152.5,1,"2010",6,2.53186120260547e-05,"virtualspecies","virtualspecies"
7,"7 50 null 3",-63.5,-95.5,1,"2010",6,4.46142874509347e-05,"virtualspecies","virtualspecies"
7,"7 50 null 3",25.5,-167.5,1,"2010",6,2.4042887003301e-05,"virtualspecies","virtualspecies"
7,"7 50 null 3",-2.5,-22.5,1,"2010",6,6.99142368713821e-06,"virtualspecies","virtualspecies"
7,"7 50 null 3",-64.5,-137.5,1,"2010",6,0.000208358719344279,"virtualspecies","virtualspecies"
7,"7 50 null 3",-40.5,-166.5,1,"2010",6,2.92970679840007e-05,"virtualspecies","virtualspecies"
7,"7 50 null 3",-47.5,-20.5,1,"2010",6,5.60517941299643e-05,"virtualspecies","virtualspecies"
7,"7 50 null 3",5.5,-136.5,1,"2010",6,0.000278384330710927,"virtualspecies","virtualspecies"
7,"7 50 null 3",-39.5,19.5,1,"2010",6,7.75310930029111e-05,"virtualspecies","virtualspecies"
7,"7 50 null 3",-26.5,-45.5,1,"2010",6,2.75618823449421e-05,"virtualspecies","virtualspecies"
7,"7 50 null 3",-14.5,56.5,1,"2010",6,0.000101001769136635,"virtualspecies","virtualspecies"
7,"7 50 null 3",-28.5,-5.5,1,"2010",6,2.52613857821539e-05,"virtualspecies","virtualspecies"
7,"7 50 null 3",-46.5,-80.5,1,"2010",6,5.43909011844241e-05,"virtualspecies","virtualspecies"
7,"7 50 null 3",-66.5,8.5,1,"2010",6,1.49984131992322e-06,"virtualspecies","virtualspecies"
7,"7 50 null 3",-37.5,137.5,1,"2010",6,3.15759557015665e-05,"virtualspecies","virtualspecies"
7,"7 50 null 3",8.5,-154.5,1,"2010",6,6.28428983840781e-05,"virtualspecies","virtualspecies"
7,"7 50 null 3",-2.5,-106.5,1,"2010",6,6.0302844849549e-05,"virtualspecies","virtualspecies"
8,"8 50 null 3",51.5,150.5,1,"2010",6,0.000201859254939994,"virtualspecies","virtualspecies"
8,"8 50 null 3",28.5,-122.5,1,"2010",6,0.0556497510457638,"virtualspecies","virtualspecies"
8,"8 50 null 3",53.5,173.5,1,"2010",6,0.30746142002544,"virtualspecies","virtualspecies"
8,"8 50 null 3",-20.5,43.5,1,"2010",6,0.0178134329526243,"virtualspecies","virtualspecies"
8,"8 50 null 3",-59.5,48.5,1,"2010",6,0.04244444486128,"virtualspecies","virtualspecies"
8,"8 50 null 3",-27.5,73.5,1,"2010",6,0.686851941197172,"virtualspecies","virtualspecies"
8,"8 50 null 3",-47.5,99.5,1,"2010",6,0.800615483992405,"virtualspecies","virtualspecies"
8,"8 50 null 3",13.5,-171.5,1,"2010",6,0.118784051056979,"virtualspecies","virtualspecies"
8,"8 50 null 3",-57.5,-6.5,1,"2010",6,0.00113435443823017,"virtualspecies","virtualspecies"
8,"8 50 null 3",51.5,170.5,1,"2010",6,0.593978230071635,"virtualspecies","virtualspecies"
8,"8 50 null 3",22.5,-66.5,1,"2010",6,0.0107480951060641,"virtualspecies","virtualspecies"
8,"8 50 null 3",20.5,-141.5,1,"2010",6,0.0645520863538285,"virtualspecies","virtualspecies"
8,"8 50 null 3",-39.5,171.5,1,"2010",6,0.298305128601686,"virtualspecies","virtualspecies"
8,"8 50 null 3",-41.5,124.5,1,"2010",6,0.638367237774034,"virtualspecies","virtualspecies"
8,"8 50 null 3",-54.5,-92.5,1,"2010",6,0.356482916622226,"virtualspecies","virtualspecies"
8,"8 50 null 3",-59.5,-113.5,1,"2010",6,0.477676932492709,"virtualspecies","virtualspecies"
8,"8 50 null 3",25.5,-164.5,1,"2010",6,0.0260516337971047,"virtualspecies","virtualspecies"
8,"8 50 null 3",-48.5,-39.5,1,"2010",6,0.696361559386991,"virtualspecies","virtualspecies"
8,"8 50 null 3",-51.5,73.5,1,"2010",6,2.83688420763162,"virtualspecies","virtualspecies"
8,"8 50 null 3",19.5,-150.5,1,"2010",6,0.132450296047375,"virtualspecies","virtualspecies"
8,"8 50 null 3",4.5,-137.5,1,"2010",6,0.000228380464966903,"virtualspecies","virtualspecies"
8,"8 50 null 3",-57.5,46.5,1,"2010",6,0.00428838145850266,"virtualspecies","virtualspecies"
8,"8 50 null 3",-31.5,-127.5,1,"2010",6,0.847719369649807,"virtualspecies","virtualspecies"
8,"8 50 null 3",-60.5,23.5,1,"2010",6,0.055705031855123,"virtualspecies","virtualspecies"
8,"8 50 null 3",15.5,64.5,1,"2010",6,0.00020506661096432,"virtualspecies","virtualspecies"
8,"8 50 null 3",43.5,-169.5,1,"2010",6,2.17367347276838,"virtualspecies","virtualspecies"
8,"8 50 null 3",16.5,-73.5,1,"2010",6,0.007249802086766,"virtualspecies","virtualspecies"
8,"8 50 null 3",-25.5,-110.5,1,"2010",6,0.155849542575773,"virtualspecies","virtualspecies"
8,"8 50 null 3",32.5,-147.5,1,"2010",6,0.33073416860265,"virtualspecies","virtualspecies"
8,"8 50 null 3",-68.5,-146.5,1,"2010",6,0.438444630393867,"virtualspecies","virtualspecies"
8,"8 50 null 3",-52.5,22.5,1,"2010",6,0.0401508177920346,"virtualspecies","virtualspecies"
8,"8 50 null 3",76.5,-134.5,1,"2010",6,0.399829026941521,"virtualspecies","virtualspecies"
8,"8 50 null 3",-6.5,-128.5,1,"2010",6,0.000888267178988316,"virtualspecies","virtualspecies"
8,"8 50 null 3",-9.5,152.5,1,"2010",6,0.0366662096212056,"virtualspecies","virtualspecies"
8,"8 50 null 3",-63.5,-95.5,1,"2010",6,0.306651864227551,"virtualspecies","virtualspecies"
8,"8 50 null 3",25.5,-167.5,1,"2010",6,0.0385398468196453,"virtualspecies","virtualspecies"
8,"8 50 null 3",-2.5,-22.5,1,"2010",6,0.00617904551346733,"virtualspecies","virtualspecies"
8,"8 50 null 3",-64.5,-137.5,1,"2010",6,0.102758626286544,"virtualspecies","virtualspecies"
8,"8 50 null 3",-40.5,-166.5,1,"2010",6,6.37207165632538,"virtualspecies","virtualspecies"
8,"8 50 null 3",-47.5,-20.5,1,"2010",6,2.05350421478365,"virtualspecies","virtualspecies"
8,"8 50 null 3",5.5,-136.5,1,"2010",6,0.00342917798069954,"virtualspecies","virtualspecies"
8,"8 50 null 3",-39.5,19.5,1,"2010",6,13.4256466428278,"virtualspecies","virtualspecies"
8,"8 50 null 3",-26.5,-45.5,1,"2010",6,0.0418228853613099,"virtualspecies","virtualspecies"
8,"8 50 null 3",-14.5,56.5,1,"2010",6,0.0450656715483164,"virtualspecies","virtualspecies"
8,"8 50 null 3",-28.5,-5.5,1,"2010",6,0.657801642306194,"virtualspecies","virtualspecies"
8,"8 50 null 3",-46.5,-80.5,1,"2010",6,3.68243085585167,"virtualspecies","virtualspecies"
8,"8 50 null 3",-66.5,8.5,1,"2010",6,0.00104925063856686,"virtualspecies","virtualspecies"
8,"8 50 null 3",-37.5,137.5,1,"2010",6,0.956124188100766,"virtualspecies","virtualspecies"
8,"8 50 null 3",8.5,-154.5,1,"2010",6,0.00380843698170372,"virtualspecies","virtualspecies"
8,"8 50 null 3",-2.5,-106.5,1,"2010",6,7.80823965830438e-05,"virtualspecies","virtualspecies"
9,"9 50 null 3",51.5,150.5,1,"2010",6,8.82738468940344e-05,"virtualspecies","virtualspecies"
9,"9 50 null 3",28.5,-122.5,1,"2010",6,0.000192470860690914,"virtualspecies","virtualspecies"
9,"9 50 null 3",53.5,173.5,1,"2010",6,2.53208851886674e-05,"virtualspecies","virtualspecies"
9,"9 50 null 3",-20.5,43.5,1,"2010",6,0.0529406111966439,"virtualspecies","virtualspecies"
9,"9 50 null 3",-59.5,48.5,1,"2010",6,0.000223775012203887,"virtualspecies","virtualspecies"
9,"9 50 null 3",-27.5,73.5,1,"2010",6,0.427828890571335,"virtualspecies","virtualspecies"
9,"9 50 null 3",-47.5,99.5,1,"2010",6,7.66680129472314e-05,"virtualspecies","virtualspecies"
9,"9 50 null 3",13.5,-171.5,1,"2010",6,0.0374595292341361,"virtualspecies","virtualspecies"
9,"9 50 null 3",-57.5,-6.5,1,"2010",6,6.69645867956938e-05,"virtualspecies","virtualspecies"
9,"9 50 null 3",51.5,170.5,1,"2010",6,6.63429880958485e-05,"virtualspecies","virtualspecies"
9,"9 50 null 3",22.5,-66.5,1,"2010",6,0.0929691513445893,"virtualspecies","virtualspecies"
9,"9 50 null 3",20.5,-141.5,1,"2010",6,0.941469502221465,"virtualspecies","virtualspecies"
9,"9 50 null 3",-39.5,171.5,1,"2010",6,0.776919890002385,"virtualspecies","virtualspecies"
9,"9 50 null 3",-41.5,124.5,1,"2010",6,0.489689841341233,"virtualspecies","virtualspecies"
9,"9 50 null 3",-54.5,-92.5,1,"2010",6,8.45762048162104e-05,"virtualspecies","virtualspecies"
9,"9 50 null 3",-59.5,-113.5,1,"2010",6,0.000259890814719464,"virtualspecies","virtualspecies"
9,"9 50 null 3",25.5,-164.5,1,"2010",6,2.13015690419302,"virtualspecies","virtualspecies"
9,"9 50 null 3",-48.5,-39.5,1,"2010",6,1.12570475609298e-05,"virtualspecies","virtualspecies"
9,"9 50 null 3",-51.5,73.5,1,"2010",6,6.64494626369673e-05,"virtualspecies","virtualspecies"
9,"9 50 null 3",19.5,-150.5,1,"2010",6,0.210404820717822,"virtualspecies","virtualspecies"
9,"9 50 null 3",4.5,-137.5,1,"2010",6,0.000161307366989269,"virtualspecies","virtualspecies"
9,"9 50 null 3",-57.5,46.5,1,"2010",6,5.42789448337291e-05,"virtualspecies","virtualspecies"
9,"9 50 null 3",-31.5,-127.5,1,"2010",6,0.330325459546813,"virtualspecies","virtualspecies"
9,"9 50 null 3",-60.5,23.5,1,"2010",6,0.000120608433243134,"virtualspecies","virtualspecies"
9,"9 50 null 3",15.5,64.5,1,"2010",6,8.98827913578828e-05,"virtualspecies","virtualspecies"
9,"9 50 null 3",43.5,-169.5,1,"2010",6,0.0101107222174582,"virtualspecies","virtualspecies"
9,"9 50 null 3",16.5,-73.5,1,"2010",6,0.0257959371544351,"virtualspecies","virtualspecies"
9,"9 50 null 3",-25.5,-110.5,1,"2010",6,0.860572916572366,"virtualspecies","virtualspecies"
9,"9 50 null 3",32.5,-147.5,1,"2010",6,0.346549742491379,"virtualspecies","virtualspecies"
9,"9 50 null 3",-68.5,-146.5,1,"2010",6,0.000200625766226944,"virtualspecies","virtualspecies"
9,"9 50 null 3",-52.5,22.5,1,"2010",6,9.71044639076898e-06,"virtualspecies","virtualspecies"
9,"9 50 null 3",76.5,-134.5,1,"2010",6,1.90813198138021e-05,"virtualspecies","virtualspecies"
9,"9 50 null 3",-6.5,-128.5,1,"2010",6,3.2435642991117e-05,"virtualspecies","virtualspecies"
9,"9 50 null 3",-9.5,152.5,1,"2010",6,0.761299023453625,"virtualspecies","virtualspecies"
9,"9 50 null 3",-63.5,-95.5,1,"2010",6,4.48013009062231e-05,"virtualspecies","virtualspecies"
9,"9 50 null 3",25.5,-167.5,1,"2010",6,0.299139233125775,"virtualspecies","virtualspecies"
9,"9 50 null 3",-2.5,-22.5,1,"2010",6,0.00144555246612955,"virtualspecies","virtualspecies"
9,"9 50 null 3",-64.5,-137.5,1,"2010",6,5.27103733387347e-05,"virtualspecies","virtualspecies"
9,"9 50 null 3",-40.5,-166.5,1,"2010",6,0.263476648294985,"virtualspecies","virtualspecies"
9,"9 50 null 3",-47.5,-20.5,1,"2010",6,0.000115648267767712,"virtualspecies","virtualspecies"
9,"9 50 null 3",5.5,-136.5,1,"2010",6,0.000103664955966613,"virtualspecies","virtualspecies"
9,"9 50 null 3",-39.5,19.5,1,"2010",6,0.387104793731072,"virtualspecies","virtualspecies"
9,"9 50 null 3",-26.5,-45.5,1,"2010",6,2.20630193597135,"virtualspecies","virtualspecies"
9,"9 50 null 3",-14.5,56.5,1,"2010",6,0.991210374729486,"virtualspecies","virtualspecies"
9,"9 50 null 3",-28.5,-5.5,1,"2010",6,1.10524961852573,"virtualspecies","virtualspecies"
9,"9 50 null 3",-46.5,-80.5,1,"2010",6,0.000807928720092996,"virtualspecies","virtualspecies"
9,"9 50 null 3",-66.5,8.5,1,"2010",6,6.98012059755832e-06,"virtualspecies","virtualspecies"
9,"9 50 null 3",-37.5,137.5,1,"2010",6,1.22449094095973,"virtualspecies","virtualspecies"
9,"9 50 null 3",8.5,-154.5,1,"2010",6,0.000116325423766154,"virtualspecies","virtualspecies"
9,"9 50 null 3",-2.5,-106.5,1,"2010",6,5.81854081337721e-05,"virtualspecies","virtualspecies"
10,"10 50 null 3",51.5,150.5,1,"2010",6,5.08007736304745e-05,"virtualspecies","virtualspecies"
10,"10 50 null 3",28.5,-122.5,1,"2010",6,0.500957725918795,"virtualspecies","virtualspecies"
10,"10 50 null 3",53.5,173.5,1,"2010",6,0.000136988191410718,"virtualspecies","virtualspecies"
10,"10 50 null 3",-20.5,43.5,1,"2010",6,6.1447198399683e-06,"virtualspecies","virtualspecies"
10,"10 50 null 3",-59.5,48.5,1,"2010",6,0.00238027782304242,"virtualspecies","virtualspecies"
10,"10 50 null 3",-27.5,73.5,1,"2010",6,0.000309848853994631,"virtualspecies","virtualspecies"
10,"10 50 null 3",-47.5,99.5,1,"2010",6,0.447182079895927,"virtualspecies","virtualspecies"
10,"10 50 null 3",13.5,-171.5,1,"2010",6,0.153697221901001,"virtualspecies","virtualspecies"
10,"10 50 null 3",-57.5,-6.5,1,"2010",6,0.000197454409632526,"virtualspecies","virtualspecies"
10,"10 50 null 3",51.5,170.5,1,"2010",6,4.47269629447396e-05,"virtualspecies","virtualspecies"
10,"10 50 null 3",22.5,-66.5,1,"2010",6,0.0680181475280481,"virtualspecies","virtualspecies"
10,"10 50 null 3",20.5,-141.5,1,"2010",6,0.00128070111083679,"virtualspecies","virtualspecies"
10,"10 50 null 3",-39.5,171.5,1,"2010",6,6.75019720009625e-05,"virtualspecies","virtualspecies"
10,"10 50 null 3",-41.5,124.5,1,"2010",6,6.21216466316248e-05,"virtualspecies","virtualspecies"
10,"10 50 null 3",-54.5,-92.5,1,"2010",6,3.69432509297398,"virtualspecies","virtualspecies"
10,"10 50 null 3",-59.5,-113.5,1,"2010",6,0.717722799239262,"virtualspecies","virtualspecies"
10,"10 50 null 3",25.5,-164.5,1,"2010",6,0.00242427429008716,"virtualspecies","virtualspecies"
10,"10 50 null 3",-48.5,-39.5,1,"2010",6,0.544007803147545,"virtualspecies","virtualspecies"
10,"10 50 null 3",-51.5,73.5,1,"2010",6,1.10734783882372,"virtualspecies","virtualspecies"
10,"10 50 null 3",19.5,-150.5,1,"2010",6,0.00127089507915707,"virtualspecies","virtualspecies"
10,"10 50 null 3",4.5,-137.5,1,"2010",6,0.388577901912767,"virtualspecies","virtualspecies"
10,"10 50 null 3",-57.5,46.5,1,"2010",6,0.00661957808744218,"virtualspecies","virtualspecies"
10,"10 50 null 3",-31.5,-127.5,1,"2010",6,4.88981350345279e-05,"virtualspecies","virtualspecies"
10,"10 50 null 3",-60.5,23.5,1,"2010",6,0.00987990164741936,"virtualspecies","virtualspecies"
10,"10 50 null 3",15.5,64.5,1,"2010",6,0.39539697308161,"virtualspecies","virtualspecies"
10,"10 50 null 3",43.5,-169.5,1,"2010",6,0.000472496998948647,"virtualspecies","virtualspecies"
10,"10 50 null 3",16.5,-73.5,1,"2010",6,0.156850476829457,"virtualspecies","virtualspecies"
10,"10 50 null 3",-25.5,-110.5,1,"2010",6,0.000686359583806524,"virtualspecies","virtualspecies"
10,"10 50 null 3",32.5,-147.5,1,"2010",6,0.109387975955888,"virtualspecies","virtualspecies"
10,"10 50 null 3",-68.5,-146.5,1,"2010",6,0.210789023787554,"virtualspecies","virtualspecies"
10,"10 50 null 3",-52.5,22.5,1,"2010",6,0.114788992666678,"virtualspecies","virtualspecies"
10,"10 50 null 3",76.5,-134.5,1,"2010",6,4.51846640717847e-05,"virtualspecies","virtualspecies"
10,"10 50 null 3",-6.5,-128.5,1,"2010",6,0.0117717076199844,"virtualspecies","virtualspecies"
10,"10 50 null 3",-9.5,152.5,1,"2010",6,4.88804076678154e-05,"virtualspecies","virtualspecies"
10,"10 50 null 3",-63.5,-95.5,1,"2010",6,0.104837799537911,"virtualspecies","virtualspecies"
10,"10 50 null 3",25.5,-167.5,1,"2010",6,0.000704153888707419,"virtualspecies","virtualspecies"
10,"10 50 null 3",-2.5,-22.5,1,"2010",6,1.8102819480381,"virtualspecies","virtualspecies"
10,"10 50 null 3",-64.5,-137.5,1,"2010",6,0.164059701980665,"virtualspecies","virtualspecies"
10,"10 50 null 3",-40.5,-166.5,1,"2010",6,1.36249180105057e-05,"virtualspecies","virtualspecies"
10,"10 50 null 3",-47.5,-20.5,1,"2010",6,1.3102983910017,"virtualspecies","virtualspecies"
10,"10 50 null 3",5.5,-136.5,1,"2010",6,1.3078470673838,"virtualspecies","virtualspecies"
10,"10 50 null 3",-39.5,19.5,1,"2010",6,9.90602825474341e-05,"virtualspecies","virtualspecies"
10,"10 50 null 3",-26.5,-45.5,1,"2010",6,0.000145178517009058,"virtualspecies","virtualspecies"
10,"10 50 null 3",-14.5,56.5,1,"2010",6,0.000901512040075476,"virtualspecies","virtualspecies"
10,"10 50 null 3",-28.5,-5.5,1,"2010",6,0.00385587497618934,"virtualspecies","virtualspecies"
10,"10 50 null 3",-46.5,-80.5,1,"2010",6,0.217291389821161,"virtualspecies","virtualspecies"
10,"10 50 null 3",-66.5,8.5,1,"2010",6,9.09026182912713e-05,"virtualspecies","virtualspecies"
10,"10 50 null 3",-37.5,137.5,1,"2010",6,2.88236901454852e-05,"virtualspecies","virtualspecies"
10,"10 50 null 3",8.5,-154.5,1,"2010",6,0.54720472299427,"virtualspecies","virtualspecies"
10,"10 50 null 3",-2.5,-106.5,1,"2010",6,0.00131744193883921,"virtualspecies","virtualspecies"
11,"11 50 null 3",51.5,150.5,1,"2010",6,6.48522790972029e-05,"virtualspecies","virtualspecies"
11,"11 50 null 3",28.5,-122.5,1,"2010",6,1.66089950255235,"virtualspecies","virtualspecies"
11,"11 50 null 3",53.5,173.5,1,"2010",6,0.147083672405328,"virtualspecies","virtualspecies"
11,"11 50 null 3",-20.5,43.5,1,"2010",6,0.400204267475328,"virtualspecies","virtualspecies"
11,"11 50 null 3",-59.5,48.5,1,"2010",6,0.440929024445408,"virtualspecies","virtualspecies"
11,"11 50 null 3",-27.5,73.5,1,"2010",6,0.215103340131294,"virtualspecies","virtualspecies"
11,"11 50 null 3",-47.5,99.5,1,"2010",6,2.72598836932228,"virtualspecies","virtualspecies"
11,"11 50 null 3",13.5,-171.5,1,"2010",6,1.36577417995411,"virtualspecies","virtualspecies"
11,"11 50 null 3",-57.5,-6.5,1,"2010",6,0.775530965309241,"virtualspecies","virtualspecies"
11,"11 50 null 3",51.5,170.5,1,"2010",6,17.8195381040525,"virtualspecies","virtualspecies"
11,"11 50 null 3",22.5,-66.5,1,"2010",6,0.0365247053767283,"virtualspecies","virtualspecies"
11,"11 50 null 3",20.5,-141.5,1,"2010",6,2.80255156947684,"virtualspecies","virtualspecies"
11,"11 50 null 3",-39.5,171.5,1,"2010",6,1.53917794887927,"virtualspecies","virtualspecies"
11,"11 50 null 3",-41.5,124.5,1,"2010",6,4.73948574099269,"virtualspecies","virtualspecies"
11,"11 50 null 3",-54.5,-92.5,1,"2010",6,1.04930878905259,"virtualspecies","virtualspecies"
11,"11 50 null 3",-59.5,-113.5,1,"2010",6,0.416875490019524,"virtualspecies","virtualspecies"
11,"11 50 null 3",25.5,-164.5,1,"2010",6,0.585440899766638,"virtualspecies","virtualspecies"
11,"11 50 null 3",-48.5,-39.5,1,"2010",6,2.51408381964881,"virtualspecies","virtualspecies"
11,"11 50 null 3",-51.5,73.5,1,"2010",6,1.72458767140073,"virtualspecies","virtualspecies"
11,"11 50 null 3",19.5,-150.5,1,"2010",6,3.27726359421334,"virtualspecies","virtualspecies"
11,"11 50 null 3",4.5,-137.5,1,"2010",6,0.213798660555785,"virtualspecies","virtualspecies"
11,"11 50 null 3",-57.5,46.5,1,"2010",6,4.9343719859639,"virtualspecies","virtualspecies"
11,"11 50 null 3",-31.5,-127.5,1,"2010",6,0.926742681461626,"virtualspecies","virtualspecies"
11,"11 50 null 3",-60.5,23.5,1,"2010",6,0.207441937360196,"virtualspecies","virtualspecies"
11,"11 50 null 3",15.5,64.5,1,"2010",6,0.158767669518297,"virtualspecies","virtualspecies"
11,"11 50 null 3",43.5,-169.5,1,"2010",6,0.163282910116141,"virtualspecies","virtualspecies"
11,"11 50 null 3",16.5,-73.5,1,"2010",6,0.161409230347358,"virtualspecies","virtualspecies"
11,"11 50 null 3",-25.5,-110.5,1,"2010",6,1.59098506041182,"virtualspecies","virtualspecies"
11,"11 50 null 3",32.5,-147.5,1,"2010",6,0.875684514282031,"virtualspecies","virtualspecies"
11,"11 50 null 3",-68.5,-146.5,1,"2010",6,1.19131620830319,"virtualspecies","virtualspecies"
11,"11 50 null 3",-52.5,22.5,1,"2010",6,0.570788860967285,"virtualspecies","virtualspecies"
11,"11 50 null 3",76.5,-134.5,1,"2010",6,1.08140713961069,"virtualspecies","virtualspecies"
11,"11 50 null 3",-6.5,-128.5,1,"2010",6,1.03781143531683,"virtualspecies","virtualspecies"
11,"11 50 null 3",-9.5,152.5,1,"2010",6,0.0394704725192316,"virtualspecies","virtualspecies"
11,"11 50 null 3",-63.5,-95.5,1,"2010",6,1.13102204272831,"virtualspecies","virtualspecies"
11,"11 50 null 3",25.5,-167.5,1,"2010",6,0.442749106350097,"virtualspecies","virtualspecies"
11,"11 50 null 3",-2.5,-22.5,1,"2010",6,0.0956337006267641,"virtualspecies","virtualspecies"
11,"11 50 null 3",-64.5,-137.5,1,"2010",6,1.6712656754653,"virtualspecies","virtualspecies"
11,"11 50 null 3",-40.5,-166.5,1,"2010",6,1.9829138319121,"virtualspecies","virtualspecies"
11,"11 50 null 3",-47.5,-20.5,1,"2010",6,0.289742283033256,"virtualspecies","virtualspecies"
11,"11 50 null 3",5.5,-136.5,1,"2010",6,0.163650625914338,"virtualspecies","virtualspecies"
11,"11 50 null 3",-39.5,19.5,1,"2010",6,0.802896739856346,"virtualspecies","virtualspecies"
11,"11 50 null 3",-26.5,-45.5,1,"2010",6,0.841060132695746,"virtualspecies","virtualspecies"
11,"11 50 null 3",-14.5,56.5,1,"2010",6,0.886939915773638,"virtualspecies","virtualspecies"
11,"11 50 null 3",-28.5,-5.5,1,"2010",6,1.44790783876947,"virtualspecies","virtualspecies"
11,"11 50 null 3",-46.5,-80.5,1,"2010",6,0.513866534475353,"virtualspecies","virtualspecies"
11,"11 50 null 3",-66.5,8.5,1,"2010",6,1.61805582020718,"virtualspecies","virtualspecies"
11,"11 50 null 3",-37.5,137.5,1,"2010",6,0.133848508933743,"virtualspecies","virtualspecies"
11,"11 50 null 3",8.5,-154.5,1,"2010",6,0.39223976456577,"virtualspecies","virtualspecies"
11,"11 50 null 3",-2.5,-106.5,1,"2010",6,0.049628318057504,"virtualspecies","virtualspecies"
12,"12 50 null 3",51.5,150.5,1,"2010",6,3.58678382975231e-05,"virtualspecies","virtualspecies"
12,"12 50 null 3",28.5,-122.5,1,"2010",6,0.0037416763505252,"virtualspecies","virtualspecies"
12,"12 50 null 3",53.5,173.5,1,"2010",6,0.00014408600816634,"virtualspecies","virtualspecies"
12,"12 50 null 3",-20.5,43.5,1,"2010",6,2.77390011476616e-05,"virtualspecies","virtualspecies"
12,"12 50 null 3",-59.5,48.5,1,"2010",6,0.000169833795966669,"virtualspecies","virtualspecies"
12,"12 50 null 3",-27.5,73.5,1,"2010",6,1.10073875207029e-05,"virtualspecies","virtualspecies"
12,"12 50 null 3",-47.5,99.5,1,"2010",6,0.68058833005341,"virtualspecies","virtualspecies"
12,"12 50 null 3",13.5,-171.5,1,"2010",6,8.55451468472104e-05,"virtualspecies","virtualspecies"
12,"12 50 null 3",-57.5,-6.5,1,"2010",6,1.76928035400273e-05,"virtualspecies","virtualspecies"
12,"12 50 null 3",51.5,170.5,1,"2010",6,0.000923369785185495,"virtualspecies","virtualspecies"
12,"12 50 null 3",22.5,-66.5,1,"2010",6,3.21009699966555e-05,"virtualspecies","virtualspecies"
12,"12 50 null 3",20.5,-141.5,1,"2010",6,3.15022390676502e-05,"virtualspecies","virtualspecies"
12,"12 50 null 3",-39.5,171.5,1,"2010",6,0.00745605973164135,"virtualspecies","virtualspecies"
12,"12 50 null 3",-41.5,124.5,1,"2010",6,0.359564706458068,"virtualspecies","virtualspecies"
12,"12 50 null 3",-54.5,-92.5,1,"2010",6,0.118888880466497,"virtualspecies","virtualspecies"
12,"12 50 null 3",-59.5,-113.5,1,"2010",6,8.80923421584886e-05,"virtualspecies","virtualspecies"
12,"12 50 null 3",25.5,-164.5,1,"2010",6,7.48795901028657e-05,"virtualspecies","virtualspecies"
12,"12 50 null 3",-48.5,-39.5,1,"2010",6,0.0468858630845296,"virtualspecies","virtualspecies"
12,"12 50 null 3",-51.5,73.5,1,"2010",6,3.6628075645326e-05,"virtualspecies","virtualspecies"
12,"12 50 null 3",19.5,-150.5,1,"2010",6,5.00258668718988e-05,"virtualspecies","virtualspecies"
12,"12 50 null 3",4.5,-137.5,1,"2010",6,6.98399621345405e-05,"virtualspecies","virtualspecies"
12,"12 50 null 3",-57.5,46.5,1,"2010",6,7.79066405533816e-05,"virtualspecies","virtualspecies"
12,"12 50 null 3",-31.5,-127.5,1,"2010",6,0.000246025986910946,"virtualspecies","virtualspecies"
12,"12 50 null 3",-60.5,23.5,1,"2010",6,0.000446990657483178,"virtualspecies","virtualspecies"
12,"12 50 null 3",15.5,64.5,1,"2010",6,5.17790923755629e-05,"virtualspecies","virtualspecies"
12,"12 50 null 3",43.5,-169.5,1,"2010",6,1.00909515909173,"virtualspecies","virtualspecies"
12,"12 50 null 3",16.5,-73.5,1,"2010",6,1.86941476844824e-05,"virtualspecies","virtualspecies"
12,"12 50 null 3",-25.5,-110.5,1,"2010",6,1.32277904982005e-05,"virtualspecies","virtualspecies"
12,"12 50 null 3",32.5,-147.5,1,"2010",6,0.000116492623246808,"virtualspecies","virtualspecies"
12,"12 50 null 3",-68.5,-146.5,1,"2010",6,5.8802673352643e-05,"virtualspecies","virtualspecies"
12,"12 50 null 3",-52.5,22.5,1,"2010",6,0.000182985055301829,"virtualspecies","virtualspecies"
12,"12 50 null 3",76.5,-134.5,1,"2010",6,0.000866233534600088,"virtualspecies","virtualspecies"
12,"12 50 null 3",-6.5,-128.5,1,"2010",6,0.000266874075748339,"virtualspecies","virtualspecies"
12,"12 50 null 3",-9.5,152.5,1,"2010",6,0.000266312297681243,"virtualspecies","virtualspecies"
12,"12 50 null 3",-63.5,-95.5,1,"2010",6,0.000136964421317119,"virtualspecies","virtualspecies"
12,"12 50 null 3",25.5,-167.5,1,"2010",6,0.000118241549020631,"virtualspecies","virtualspecies"
12,"12 50 null 3",-2.5,-22.5,1,"2010",6,8.06271778139277e-05,"virtualspecies","virtualspecies"
12,"12 50 null 3",-64.5,-137.5,1,"2010",6,0.000167037156984291,"virtualspecies","virtualspecies"
12,"12 50 null 3",-40.5,-166.5,1,"2010",6,0.000972485932661329,"virtualspecies","virtualspecies"
12,"12 50 null 3",-47.5,-20.5,1,"2010",6,0.0109566759680703,"virtualspecies","virtualspecies"
12,"12 50 null 3",5.5,-136.5,1,"2010",6,2.95475208615792e-05,"virtualspecies","virtualspecies"
12,"12 50 null 3",-39.5,19.5,1,"2010",6,0.000193878787467177,"virtualspecies","virtualspecies"
12,"12 50 null 3",-26.5,-45.5,1,"2010",6,4.51532352295353e-05,"virtualspecies","virtualspecies"
12,"12 50 null 3",-14.5,56.5,1,"2010",6,6.89446014781766e-05,"virtualspecies","virtualspecies"
12,"12 50 null 3",-28.5,-5.5,1,"2010",6,0.000109270395954063,"virtualspecies","virtualspecies"
12,"12 50 null 3",-46.5,-80.5,1,"2010",6,0.979508934450013,"virtualspecies","virtualspecies"
12,"12 50 null 3",-66.5,8.5,1,"2010",6,7.33822247329291e-05,"virtualspecies","virtualspecies"
12,"12 50 null 3",-37.5,137.5,1,"2010",6,0.00128797652422632,"virtualspecies","virtualspecies"
12,"12 50 null 3",8.5,-154.5,1,"2010",6,5.58344612025193e-05,"virtualspecies","virtualspecies"
12,"12 50 null 3",-2.5,-106.5,1,"2010",6,9.81000475472228e-05,"virtualspecies","virtualspecies"
13,"13 50 null 3",51.5,150.5,1,"2010",6,0.000270460651835026,"virtualspecies","virtualspecies"
13,"13 50 null 3",28.5,-122.5,1,"2010",6,0.00014500262337134,"virtualspecies","virtualspecies"
13,"13 50 null 3",53.5,173.5,1,"2010",6,5.65646436924683e-05,"virtualspecies","virtualspecies"
13,"13 50 null 3",-20.5,43.5,1,"2010",6,0.503247652079137,"virtualspecies","virtualspecies"
13,"13 50 null 3",-59.5,48.5,1,"2010",6,8.59676927286251e-06,"virtualspecies","virtualspecies"
13,"13 50 null 3",-27.5,73.5,1,"2010",6,0.240495718081706,"virtualspecies","virtualspecies"
13,"13 50 null 3",-47.5,99.5,1,"2010",6,0.000159901333780962,"virtualspecies","virtualspecies"
13,"13 50 null 3",13.5,-171.5,1,"2010",6,0.00652200379049737,"virtualspecies","virtualspecies"
13,"13 50 null 3",-57.5,-6.5,1,"2010",6,0.000271642455028382,"virtualspecies","virtualspecies"
13,"13 50 null 3",51.5,170.5,1,"2010",6,7.37804232181797e-05,"virtualspecies","virtualspecies"
13,"13 50 null 3",22.5,-66.5,1,"2010",6,0.00103636106152031,"virtualspecies","virtualspecies"
13,"13 50 null 3",20.5,-141.5,1,"2010",6,0.0991992078370881,"virtualspecies","virtualspecies"
13,"13 50 null 3",-39.5,171.5,1,"2010",6,0.509716890392131,"virtualspecies","virtualspecies"
13,"13 50 null 3",-41.5,124.5,1,"2010",6,0.0168393960898634,"virtualspecies","virtualspecies"
13,"13 50 null 3",-54.5,-92.5,1,"2010",6,0.000279579679902861,"virtualspecies","virtualspecies"
13,"13 50 null 3",-59.5,-113.5,1,"2010",6,5.53466710888478e-05,"virtualspecies","virtualspecies"
13,"13 50 null 3",25.5,-164.5,1,"2010",6,0.254428930064339,"virtualspecies","virtualspecies"
13,"13 50 null 3",-48.5,-39.5,1,"2010",6,4.52448766375846e-05,"virtualspecies","virtualspecies"
13,"13 50 null 3",-51.5,73.5,1,"2010",6,2.22878823123263e-05,"virtualspecies","virtualspecies"
13,"13 50 null 3",19.5,-150.5,1,"2010",6,0.615160362207627,"virtualspecies","virtualspecies"
13,"13 50 null 3",4.5,-137.5,1,"2010",6,7.27813627777451e-05,"virtualspecies","virtualspecies"
13,"13 50 null 3",-57.5,46.5,1,"2010",6,3.95593593830287e-06,"virtualspecies","virtualspecies"
13,"13 50 null 3",-31.5,-127.5,1,"2010",6,0.377154216298026,"virtualspecies","virtualspecies"
13,"13 50 null 3",-60.5,23.5,1,"2010",6,0.0013032566643098,"virtualspecies","virtualspecies"
13,"13 50 null 3",15.5,64.5,1,"2010",6,5.03570344989196e-05,"virtualspecies","virtualspecies"
13,"13 50 null 3",43.5,-169.5,1,"2010",6,7.10837616409697e-05,"virtualspecies","virtualspecies"
13,"13 50 null 3",16.5,-73.5,1,"2010",6,0.000462895152154177,"virtualspecies","virtualspecies"
13,"13 50 null 3",-25.5,-110.5,1,"2010",6,0.0303477583083537,"virtualspecies","virtualspecies"
13,"13 50 null 3",32.5,-147.5,1,"2010",6,0.0134009657633964,"virtualspecies","virtualspecies"
13,"13 50 null 3",-68.5,-146.5,1,"2010",6,2.32725177918878e-05,"virtualspecies","virtualspecies"
13,"13 50 null 3",-52.5,22.5,1,"2010",6,2.77753980218181e-05,"virtualspecies","virtualspecies"
13,"13 50 null 3",76.5,-134.5,1,"2010",6,0.000407374571087098,"virtualspecies","virtualspecies"
13,"13 50 null 3",-6.5,-128.5,1,"2010",6,6.09672288851985e-05,"virtualspecies","virtualspecies"
13,"13 50 null 3",-9.5,152.5,1,"2010",6,0.0135673028601915,"virtualspecies","virtualspecies"
13,"13 50 null 3",-63.5,-95.5,1,"2010",6,0.000145466380161959,"virtualspecies","virtualspecies"
13,"13 50 null 3",25.5,-167.5,1,"2010",6,0.0946539302965456,"virtualspecies","virtualspecies"
13,"13 50 null 3",-2.5,-22.5,1,"2010",6,2.09842873743355e-05,"virtualspecies","virtualspecies"
13,"13 50 null 3",-64.5,-137.5,1,"2010",6,2.75649485794269e-05,"virtualspecies","virtualspecies"
13,"13 50 null 3",-40.5,-166.5,1,"2010",6,0.0833877270788174,"virtualspecies","virtualspecies"
13,"13 50 null 3",-47.5,-20.5,1,"2010",6,5.88759202227108e-05,"virtualspecies","virtualspecies"
13,"13 50 null 3",5.5,-136.5,1,"2010",6,0.000110614713389987,"virtualspecies","virtualspecies"
13,"13 50 null 3",-39.5,19.5,1,"2010",6,2.51315542997061,"virtualspecies","virtualspecies"
13,"13 50 null 3",-26.5,-45.5,1,"2010",6,0.27387084251872,"virtualspecies","virtualspecies"
13,"13 50 null 3",-14.5,56.5,1,"2010",6,0.0519501089586335,"virtualspecies","virtualspecies"
13,"13 50 null 3",-28.5,-5.5,1,"2010",6,0.115381309836509,"virtualspecies","virtualspecies"
13,"13 50 null 3",-46.5,-80.5,1,"2010",6,2.1491520344203e-05,"virtualspecies","virtualspecies"
13,"13 50 null 3",-66.5,8.5,1,"2010",6,6.99547797067872e-05,"virtualspecies","virtualspecies"
13,"13 50 null 3",-37.5,137.5,1,"2010",6,4.12829638037394,"virtualspecies","virtualspecies"
13,"13 50 null 3",8.5,-154.5,1,"2010",6,5.75667206830938e-05,"virtualspecies","virtualspecies"
13,"13 50 null 3",-2.5,-106.5,1,"2010",6,0.00013952227807584,"virtualspecies","virtualspecies"
14,"14 50 null 3",51.5,150.5,1,"2010",6,9.48346053663494e-05,"virtualspecies","virtualspecies"
14,"14 50 null 3",28.5,-122.5,1,"2010",6,0.0310743402201417,"virtualspecies","virtualspecies"
14,"14 50 null 3",53.5,173.5,1,"2010",6,5.93845523508214e-06,"virtualspecies","virtualspecies"
14,"14 50 null 3",-20.5,43.5,1,"2010",6,7.99813688861946e-05,"virtualspecies","virtualspecies"
14,"14 50 null 3",-59.5,48.5,1,"2010",6,5.17367246963954,"virtualspecies","virtualspecies"
14,"14 50 null 3",-27.5,73.5,1,"2010",6,4.21969104631428e-05,"virtualspecies","virtualspecies"
14,"14 50 null 3",-47.5,99.5,1,"2010",6,0.318933888151038,"virtualspecies","virtualspecies"
14,"14 50 null 3",13.5,-171.5,1,"2010",6,0.00116940377456455,"virtualspecies","virtualspecies"
14,"14 50 null 3",-57.5,-6.5,1,"2010",6,0.295866970362416,"virtualspecies","virtualspecies"
14,"14 50 null 3",51.5,170.5,1,"2010",6,3.15542841444445e-05,"virtualspecies","virtualspecies"
14,"14 50 null 3",22.5,-66.5,1,"2010",6,0.0002197054131452,"virtualspecies","virtualspecies"
14,"14 50 null 3",20.5,-141.5,1,"2010",6,0.000160837270235256,"virtualspecies","virtualspecies"
14,"14 50 null 3",-39.5,171.5,1,"2010",6,8.63210708727303e-06,"virtualspecies","virtualspecies"
14,"14 50 null 3",-41.5,124.5,1,"2010",6,0.00091682044356648,"virtualspecies","virtualspecies"
14,"14 50 null 3",-54.5,-92.5,1,"2010",6,1.22647341579403,"virtualspecies","virtualspecies"
14,"14 50 null 3",-59.5,-113.5,1,"2010",6,0.386384799292331,"virtualspecies","virtualspecies"
14,"14 50 null 3",25.5,-164.5,1,"2010",6,0.000193279722807889,"virtualspecies","virtualspecies"
14,"14 50 null 3",-48.5,-39.5,1,"2010",6,0.0486828367112509,"virtualspecies","virtualspecies"
14,"14 50 null 3",-51.5,73.5,1,"2010",6,1.05817629913979,"virtualspecies","virtualspecies"
14,"14 50 null 3",19.5,-150.5,1,"2010",6,0.000378179115236137,"virtualspecies","virtualspecies"
14,"14 50 null 3",4.5,-137.5,1,"2010",6,0.00123203731453587,"virtualspecies","virtualspecies"
14,"14 50 null 3",-57.5,46.5,1,"2010",6,0.34779602940864,"virtualspecies","virtualspecies"
14,"14 50 null 3",-31.5,-127.5,1,"2010",6,5.4554356127084e-05,"virtualspecies","virtualspecies"
14,"14 50 null 3",-60.5,23.5,1,"2010",6,0.519280809476868,"virtualspecies","virtualspecies"
14,"14 50 null 3",15.5,64.5,1,"2010",6,0.000721330319109802,"virtualspecies","virtualspecies"
14,"14 50 null 3",43.5,-169.5,1,"2010",6,0.00347556767968502,"virtualspecies","virtualspecies"
14,"14 50 null 3",16.5,-73.5,1,"2010",6,0.000112867126296577,"virtualspecies","virtualspecies"
14,"14 50 null 3",-25.5,-110.5,1,"2010",6,0.000116951911098201,"virtualspecies","virtualspecies"
14,"14 50 null 3",32.5,-147.5,1,"2010",6,0.00279177371645711,"virtualspecies","virtualspecies"
14,"14 50 null 3",-68.5,-146.5,1,"2010",6,0.546546419316345,"virtualspecies","virtualspecies"
14,"14 50 null 3",-52.5,22.5,1,"2010",6,6.3011711698952,"virtualspecies","virtualspecies"
14,"14 50 null 3",76.5,-134.5,1,"2010",6,0.000108593292244091,"virtualspecies","virtualspecies"
14,"14 50 null 3",-6.5,-128.5,1,"2010",6,0.0364033676598652,"virtualspecies","virtualspecies"
14,"14 50 null 3",-9.5,152.5,1,"2010",6,0.000106008748462116,"virtualspecies","virtualspecies"
14,"14 50 null 3",-63.5,-95.5,1,"2010",6,7.38881840548356,"virtualspecies","virtualspecies"
14,"14 50 null 3",25.5,-167.5,1,"2010",6,7.54071710396014e-05,"virtualspecies","virtualspecies"
14,"14 50 null 3",-2.5,-22.5,1,"2010",6,0.0088150251468387,"virtualspecies","virtualspecies"
14,"14 50 null 3",-64.5,-137.5,1,"2010",6,2.27928440370258,"virtualspecies","virtualspecies"
14,"14 50 null 3",-40.5,-166.5,1,"2010",6,7.50982877961056e-05,"virtualspecies","virtualspecies"
14,"14 50 null 3",-47.5,-20.5,1,"2010",6,0.368186948681101,"virtualspecies","virtualspecies"
14,"14 50 null 3",5.5,-136.5,1,"2010",6,0.000230706893993463,"virtualspecies","virtualspecies"
14,"14 50 null 3",-39.5,19.5,1,"2010",6,0.000198486283909524,"virtualspecies","virtualspecies"
14,"14 50 null 3",-26.5,-45.5,1,"2010",6,8.2961215378216e-05,"virtualspecies","virtualspecies"
14,"14 50 null 3",-14.5,56.5,1,"2010",6,0.00016791586755922,"virtualspecies","virtualspecies"
14,"14 50 null 3",-28.5,-5.5,1,"2010",6,0.00072751844112314,"virtualspecies","virtualspecies"
14,"14 50 null 3",-46.5,-80.5,1,"2010",6,0.188549518970007,"virtualspecies","virtualspecies"
14,"14 50 null 3",-66.5,8.5,1,"2010",6,5.40041182608469,"virtualspecies","virtualspecies"
14,"14 50 null 3",-37.5,137.5,1,"2010",6,1.33089763689267e-05,"virtualspecies","virtualspecies"
14,"14 50 null 3",8.5,-154.5,1,"2010",6,0.026973939310429,"virtualspecies","virtualspecies"
14,"14 50 null 3",-2.5,-106.5,1,"2010",6,0.00370438550421461,"virtualspecies","virtualspecies"
15,"15 50 null 3",51.5,150.5,1,"2010",6,7.85392236268985e-05,"virtualspecies","virtualspecies"
15,"15 50 null 3",28.5,-122.5,1,"2010",6,3.85028604017885,"virtualspecies","virtualspecies"
15,"15 50 null 3",53.5,173.5,1,"2010",6,0.000259147810250144,"virtualspecies","virtualspecies"
15,"15 50 null 3",-20.5,43.5,1,"2010",6,0.592112459052345,"virtualspecies","virtualspecies"
15,"15 50 null 3",-59.5,48.5,1,"2010",6,0.000683699813327407,"virtualspecies","virtualspecies"
15,"15 50 null 3",-27.5,73.5,1,"2010",6,0.387084235335845,"virtualspecies","virtualspecies"
15,"15 50 null 3",-47.5,99.5,1,"2010",6,0.934631605056675,"virtualspecies","virtualspecies"
15,"15 50 null 3",13.5,-171.5,1,"2010",6,0.175936884585963,"virtualspecies","virtualspecies"
15,"15 50 null 3",-57.5,-6.5,1,"2010",6,0.00235488743620276,"virtualspecies","virtualspecies"
15,"15 50 null 3",51.5,170.5,1,"2010",6,0.0741208711474149,"virtualspecies","virtualspecies"
15,"15 50 null 3",22.5,-66.5,1,"2010",6,6.71389253335855,"virtualspecies","virtualspecies"
15,"15 50 null 3",20.5,-141.5,1,"2010",6,0.543395380837479,"virtualspecies","virtualspecies"
15,"15 50 null 3",-39.5,171.5,1,"2010",6,0.680138017483645,"virtualspecies","virtualspecies"
15,"15 50 null 3",-41.5,124.5,1,"2010",6,0.906604742022615,"virtualspecies","virtualspecies"
15,"15 50 null 3",-54.5,-92.5,1,"2010",6,0.288027507361907,"virtualspecies","virtualspecies"
15,"15 50 null 3",-59.5,-113.5,1,"2010",6,0.0190680431424969,"virtualspecies","virtualspecies"
15,"15 50 null 3",25.5,-164.5,1,"2010",6,1.12731167566285,"virtualspecies","virtualspecies"
15,"15 50 null 3",-48.5,-39.5,1,"2010",6,0.679546395633369,"virtualspecies","virtualspecies"
15,"15 50 null 3",-51.5,73.5,1,"2010",6,0.00692853401863035,"virtualspecies","virtualspecies"
15,"15 50 null 3",19.5,-150.5,1,"2010",6,2.81961730418439,"virtualspecies","virtualspecies"
15,"15 50 null 3",4.5,-137.5,1,"2010",6,1.75474971764909,"virtualspecies","virtualspecies"
15,"15 50 null 3",-57.5,46.5,1,"2010",6,0.00113120989417532,"virtualspecies","virtualspecies"
15,"15 50 null 3",-31.5,-127.5,1,"2010",6,0.613955046642775,"virtualspecies","virtualspecies"
15,"15 50 null 3",-60.5,23.5,1,"2010",6,0.00836173433525914,"virtualspecies","virtualspecies"
15,"15 50 null 3",15.5,64.5,1,"2010",6,0.560219785190377,"virtualspecies","virtualspecies"
15,"15 50 null 3",43.5,-169.5,1,"2010",6,0.622340991666763,"virtualspecies","virtualspecies"
15,"15 50 null 3",16.5,-73.5,1,"2010",6,5.46489525684441,"virtualspecies","virtualspecies"
15,"15 50 null 3",-25.5,-110.5,1,"2010",6,1.93238730598172,"virtualspecies","virtualspecies"
15,"15 50 null 3",32.5,-147.5,1,"2010",6,1.06327606346913,"virtualspecies","virtualspecies"
15,"15 50 null 3",-68.5,-146.5,1,"2010",6,0.00858842376303512,"virtualspecies","virtualspecies"
15,"15 50 null 3",-52.5,22.5,1,"2010",6,0.00348455587772276,"virtualspecies","virtualspecies"
15,"15 50 null 3",76.5,-134.5,1,"2010",6,0.00598347905166804,"virtualspecies","virtualspecies"
15,"15 50 null 3",-6.5,-128.5,1,"2010",6,2.28639305093362,"virtualspecies","virtualspecies"
15,"15 50 null 3",-9.5,152.5,1,"2010",6,1.2918087906628,"virtualspecies","virtualspecies"
15,"15 50 null 3",-63.5,-95.5,1,"2010",6,0.0547559685354461,"virtualspecies","virtualspecies"
15,"15 50 null 3",25.5,-167.5,1,"2010",6,0.0728167872612093,"virtualspecies","virtualspecies"
15,"15 50 null 3",-2.5,-22.5,1,"2010",6,0.775317745802353,"virtualspecies","virtualspecies"
15,"15 50 null 3",-64.5,-137.5,1,"2010",6,0.0237124350592818,"virtualspecies","virtualspecies"
15,"15 50 null 3",-40.5,-166.5,1,"2010",6,0.317332706805608,"virtualspecies","virtualspecies"
15,"15 50 null 3",-47.5,-20.5,1,"2010",6,0.154476989419704,"virtualspecies","virtualspecies"
15,"15 50 null 3",5.5,-136.5,1,"2010",6,1.08061282849182,"virtualspecies","virtualspecies"
15,"15 50 null 3",-39.5,19.5,1,"2010",6,2.28220028739387,"virtualspecies","virtualspecies"
15,"15 50 null 3",-26.5,-45.5,1,"2010",6,0.816781854796287,"virtualspecies","virtualspecies"
15,"15 50 null 3",-14.5,56.5,1,"2010",6,0.209669958027693,"virtualspecies","virtualspecies"
15,"15 50 null 3",-28.5,-5.5,1,"2010",6,3.14824956144534,"virtualspecies","virtualspecies"
15,"15 50 null 3",-46.5,-80.5,1,"2010",6,0.310808438799215,"virtualspecies","virtualspecies"
15,"15 50 null 3",-66.5,8.5,1,"2010",6,0.000616379393836545,"virtualspecies","virtualspecies"
15,"15 50 null 3",-37.5,137.5,1,"2010",6,0.365375905290741,"virtualspecies","virtualspecies"
15,"15 50 null 3",8.5,-154.5,1,"2010",6,3.80615821698277,"virtualspecies","virtualspecies"
15,"15 50 null 3",-2.5,-106.5,1,"2010",6,0.031138432623052,"virtualspecies","virtualspecies"
16,"16 50 null 3",51.5,150.5,1,"2010",6,0.00933920161809459,"virtualspecies","virtualspecies"
16,"16 50 null 3",28.5,-122.5,1,"2010",6,0.501225423977855,"virtualspecies","virtualspecies"
16,"16 50 null 3",53.5,173.5,1,"2010",6,0.0895838069724682,"virtualspecies","virtualspecies"
16,"16 50 null 3",-20.5,43.5,1,"2010",6,0.650096129766249,"virtualspecies","virtualspecies"
16,"16 50 null 3",-59.5,48.5,1,"2010",6,2.23475403446773,"virtualspecies","virtualspecies"
16,"16 50 null 3",-27.5,73.5,1,"2010",6,0.460283716112328,"virtualspecies","virtualspecies"
16,"16 50 null 3",-47.5,99.5,1,"2010",6,8.04118772541855,"virtualspecies","virtualspecies"
16,"16 50 null 3",13.5,-171.5,1,"2010",6,0.830519779895105,"virtualspecies","virtualspecies"
16,"16 50 null 3",-57.5,-6.5,1,"2010",6,0.186784064451766,"virtualspecies","virtualspecies"
16,"16 50 null 3",51.5,170.5,1,"2010",6,0.872261671860607,"virtualspecies","virtualspecies"
16,"16 50 null 3",22.5,-66.5,1,"2010",6,0.283008253679601,"virtualspecies","virtualspecies"
16,"16 50 null 3",20.5,-141.5,1,"2010",6,1.2281039015228,"virtualspecies","virtualspecies"
16,"16 50 null 3",-39.5,171.5,1,"2010",6,4.0066484160348,"virtualspecies","virtualspecies"
16,"16 50 null 3",-41.5,124.5,1,"2010",6,0.278504321708118,"virtualspecies","virtualspecies"
16,"16 50 null 3",-54.5,-92.5,1,"2010",6,1.18714024242734,"virtualspecies","virtualspecies"
16,"16 50 null 3",-59.5,-113.5,1,"2010",6,2.08324435605632,"virtualspecies","virtualspecies"
16,"16 50 null 3",25.5,-164.5,1,"2010",6,1.68590381993119,"virtualspecies","virtualspecies"
16,"16 50 null 3",-48.5,-39.5,1,"2010",6,2.49343631015884,"virtualspecies","virtualspecies"
16,"16 50 null 3",-51.5,73.5,1,"2010",6,0.15355224984401,"virtualspecies","virtualspecies"
16,"16 50 null 3",19.5,-150.5,1,"2010",6,0.0803968730562122,"virtualspecies","virtualspecies"
16,"16 50 null 3",4.5,-137.5,1,"2010",6,0.400564092213703,"virtualspecies","virtualspecies"
16,"16 50 null 3",-57.5,46.5,1,"2010",6,0.23651251751885,"virtualspecies","virtualspecies"
16,"16 50 null 3",-31.5,-127.5,1,"2010",6,2.73315040299656,"virtualspecies","virtualspecies"
16,"16 50 null 3",-60.5,23.5,1,"2010",6,0.652402019230898,"virtualspecies","virtualspecies"
16,"16 50 null 3",15.5,64.5,1,"2010",6,8.13513456186871,"virtualspecies","virtualspecies"
16,"16 50 null 3",43.5,-169.5,1,"2010",6,0.871754267151202,"virtualspecies","virtualspecies"
16,"16 50 null 3",16.5,-73.5,1,"2010",6,1.51470637947721,"virtualspecies","virtualspecies"
16,"16 50 null 3",-25.5,-110.5,1,"2010",6,2.00569450798552,"virtualspecies","virtualspecies"
16,"16 50 null 3",32.5,-147.5,1,"2010",6,0.877195896786224,"virtualspecies","virtualspecies"
16,"16 50 null 3",-68.5,-146.5,1,"2010",6,2.98046047380286,"virtualspecies","virtualspecies"
16,"16 50 null 3",-52.5,22.5,1,"2010",6,0.47270911102154,"virtualspecies","virtualspecies"
16,"16 50 null 3",76.5,-134.5,1,"2010",6,0.117045674244174,"virtualspecies","virtualspecies"
16,"16 50 null 3",-6.5,-128.5,1,"2010",6,0.296723586303117,"virtualspecies","virtualspecies"
16,"16 50 null 3",-9.5,152.5,1,"2010",6,2.20201294938417,"virtualspecies","virtualspecies"
16,"16 50 null 3",-63.5,-95.5,1,"2010",6,0.726340210682696,"virtualspecies","virtualspecies"
16,"16 50 null 3",25.5,-167.5,1,"2010",6,0.376407584605964,"virtualspecies","virtualspecies"
16,"16 50 null 3",-2.5,-22.5,1,"2010",6,2.63707159875086,"virtualspecies","virtualspecies"
16,"16 50 null 3",-64.5,-137.5,1,"2010",6,0.750976702708213,"virtualspecies","virtualspecies"
16,"16 50 null 3",-40.5,-166.5,1,"2010",6,0.110972441758639,"virtualspecies","virtualspecies"
16,"16 50 null 3",-47.5,-20.5,1,"2010",6,0.543506890103966,"virtualspecies","virtualspecies"
16,"16 50 null 3",5.5,-136.5,1,"2010",6,1.56350308670032,"virtualspecies","virtualspecies"
16,"16 50 null 3",-39.5,19.5,1,"2010",6,1.45106321400151,"virtualspecies","virtualspecies"
16,"16 50 null 3",-26.5,-45.5,1,"2010",6,0.704347101127607,"virtualspecies","virtualspecies"
16,"16 50 null 3",-14.5,56.5,1,"2010",6,0.15992670934993,"virtualspecies","virtualspecies"
16,"16 50 null 3",-28.5,-5.5,1,"2010",6,0.662784700701608,"virtualspecies","virtualspecies"
16,"16 50 null 3",-46.5,-80.5,1,"2010",6,0.569884771401549,"virtualspecies","virtualspecies"
16,"16 50 null 3",-66.5,8.5,1,"2010",6,0.00492142366746406,"virtualspecies","virtualspecies"
16,"16 50 null 3",-37.5,137.5,1,"2010",6,0.786209466128361,"virtualspecies","virtualspecies"
16,"16 50 null 3",8.5,-154.5,1,"2010",6,8.43958128343496,"virtualspecies","virtualspecies"
16,"16 50 null 3",-2.5,-106.5,1,"2010",6,0.0903046576957116,"virtualspecies","virtualspecies"
17,"17 50 null 3",51.5,150.5,1,"2010",6,8.38579090868461e-05,"virtualspecies","virtualspecies"
17,"17 50 null 3",28.5,-122.5,1,"2010",6,9.9067709104712e-05,"virtualspecies","virtualspecies"
17,"17 50 null 3",53.5,173.5,1,"2010",6,0.000163955401636895,"virtualspecies","virtualspecies"
17,"17 50 null 3",-20.5,43.5,1,"2010",6,9.22039247874104e-05,"virtualspecies","virtualspecies"
17,"17 50 null 3",-59.5,48.5,1,"2010",6,7.99512958954717e-05,"virtualspecies","virtualspecies"
17,"17 50 null 3",-27.5,73.5,1,"2010",6,0.000107324489336098,"virtualspecies","virtualspecies"
17,"17 50 null 3",-47.5,99.5,1,"2010",6,2.08353811765292e-05,"virtualspecies","virtualspecies"
17,"17 50 null 3",13.5,-171.5,1,"2010",6,0.441205412278204,"virtualspecies","virtualspecies"
17,"17 50 null 3",-57.5,-6.5,1,"2010",6,7.56153441692537e-05,"virtualspecies","virtualspecies"
17,"17 50 null 3",51.5,170.5,1,"2010",6,3.9616569077906e-05,"virtualspecies","virtualspecies"
17,"17 50 null 3",22.5,-66.5,1,"2010",6,3.96451099632709e-05,"virtualspecies","virtualspecies"
17,"17 50 null 3",20.5,-141.5,1,"2010",6,7.03568064102268e-05,"virtualspecies","virtualspecies"
17,"17 50 null 3",-39.5,171.5,1,"2010",6,6.73019575526457e-05,"virtualspecies","virtualspecies"
17,"17 50 null 3",-41.5,124.5,1,"2010",6,0.000104272072803123,"virtualspecies","virtualspecies"
17,"17 50 null 3",-54.5,-92.5,1,"2010",6,1.5665230231182e-05,"virtualspecies","virtualspecies"
17,"17 50 null 3",-59.5,-113.5,1,"2010",6,4.59127075655715e-05,"virtualspecies","virtualspecies"
17,"17 50 null 3",25.5,-164.5,1,"2010",6,6.72854038981651e-05,"virtualspecies","virtualspecies"
17,"17 50 null 3",-48.5,-39.5,1,"2010",6,0.000531088463142808,"virtualspecies","virtualspecies"
17,"17 50 null 3",-51.5,73.5,1,"2010",6,0.000100981126932623,"virtualspecies","virtualspecies"
17,"17 50 null 3",19.5,-150.5,1,"2010",6,1.41768508338031e-05,"virtualspecies","virtualspecies"
17,"17 50 null 3",4.5,-137.5,1,"2010",6,8.41606016924892e-05,"virtualspecies","virtualspecies"
17,"17 50 null 3",-57.5,46.5,1,"2010",6,6.28021611763342e-05,"virtualspecies","virtualspecies"
17,"17 50 null 3",-31.5,-127.5,1,"2010",6,0.000144973118727252,"virtualspecies","virtualspecies"
17,"17 50 null 3",-60.5,23.5,1,"2010",6,9.751304978456e-05,"virtualspecies","virtualspecies"
17,"17 50 null 3",15.5,64.5,1,"2010",6,3.11226127563113e-05,"virtualspecies","virtualspecies"
17,"17 50 null 3",43.5,-169.5,1,"2010",6,0.000130112350588967,"virtualspecies","virtualspecies"
17,"17 50 null 3",16.5,-73.5,1,"2010",6,0.186702987763206,"virtualspecies","virtualspecies"
17,"17 50 null 3",-25.5,-110.5,1,"2010",6,2.48145425650129e-05,"virtualspecies","virtualspecies"
17,"17 50 null 3",32.5,-147.5,1,"2010",6,0.0957013044595521,"virtualspecies","virtualspecies"
17,"17 50 null 3",-68.5,-146.5,1,"2010",6,1.90208558702917e-05,"virtualspecies","virtualspecies"
17,"17 50 null 3",-52.5,22.5,1,"2010",6,0.000192232863274518,"virtualspecies","virtualspecies"
17,"17 50 null 3",76.5,-134.5,1,"2010",6,1.5401111419499e-05,"virtualspecies","virtualspecies"
17,"17 50 null 3",-6.5,-128.5,1,"2010",6,2.25329700622313e-05,"virtualspecies","virtualspecies"
17,"17 50 null 3",-9.5,152.5,1,"2010",6,2.68590716954452e-05,"virtualspecies","virtualspecies"
17,"17 50 null 3",-63.5,-95.5,1,"2010",6,4.19950676258647e-05,"virtualspecies","virtualspecies"
17,"17 50 null 3",25.5,-167.5,1,"2010",6,0.000118422020282356,"virtualspecies","virtualspecies"
17,"17 50 null 3",-2.5,-22.5,1,"2010",6,8.98418379918172e-05,"virtualspecies","virtualspecies"
17,"17 50 null 3",-64.5,-137.5,1,"2010",6,9.29685631067383e-05,"virtualspecies","virtualspecies"
17,"17 50 null 3",-40.5,-166.5,1,"2010",6,4.91666177901043e-05,"virtualspecies","virtualspecies"
17,"17 50 null 3",-47.5,-20.5,1,"2010",6,3.63367012740045e-05,"virtualspecies","virtualspecies"
17,"17 50 null 3",5.5,-136.5,1,"2010",6,7.12440003524987e-06,"virtualspecies","virtualspecies"
17,"17 50 null 3",-39.5,19.5,1,"2010",6,0.000610371083649977,"virtualspecies","virtualspecies"
17,"17 50 null 3",-26.5,-45.5,1,"2010",6,1.75300612196198e-05,"virtualspecies","virtualspecies"
17,"17 50 null 3",-14.5,56.5,1,"2010",6,1.03337032293175e-05,"virtualspecies","virtualspecies"
17,"17 50 null 3",-28.5,-5.5,1,"2010",6,0.000212785225650609,"virtualspecies","virtualspecies"
17,"17 50 null 3",-46.5,-80.5,1,"2010",6,0.000506240949106861,"virtualspecies","virtualspecies"
17,"17 50 null 3",-66.5,8.5,1,"2010",6,5.73503307893126e-05,"virtualspecies","virtualspecies"
17,"17 50 null 3",-37.5,137.5,1,"2010",6,4.79514971042201e-05,"virtualspecies","virtualspecies"
17,"17 50 null 3",8.5,-154.5,1,"2010",6,0.000161661532896477,"virtualspecies","virtualspecies"
17,"17 50 null 3",-2.5,-106.5,1,"2010",6,0.000153598429058993,"virtualspecies","virtualspecies"
18,"18 50 null 3",51.5,150.5,1,"2010",6,2.30378379679237e-05,"virtualspecies","virtualspecies"
18,"18 50 null 3",28.5,-122.5,1,"2010",6,0.0429879515832129,"virtualspecies","virtualspecies"
18,"18 50 null 3",53.5,173.5,1,"2010",6,0.000260304152154841,"virtualspecies","virtualspecies"
18,"18 50 null 3",-20.5,43.5,1,"2010",6,0.181049090279286,"virtualspecies","virtualspecies"
18,"18 50 null 3",-59.5,48.5,1,"2010",6,0.00049013262574387,"virtualspecies","virtualspecies"
18,"18 50 null 3",-27.5,73.5,1,"2010",6,4.53822516693553,"virtualspecies","virtualspecies"
18,"18 50 null 3",-47.5,99.5,1,"2010",6,0.579862623227268,"virtualspecies","virtualspecies"
18,"18 50 null 3",13.5,-171.5,1,"2010",6,0.829168157797363,"virtualspecies","virtualspecies"
18,"18 50 null 3",-57.5,-6.5,1,"2010",6,7.86334956031764e-05,"virtualspecies","virtualspecies"
18,"18 50 null 3",51.5,170.5,1,"2010",6,2.23476385333197,"virtualspecies","virtualspecies"
18,"18 50 null 3",22.5,-66.5,1,"2010",6,5.85053536386734,"virtualspecies","virtualspecies"
18,"18 50 null 3",20.5,-141.5,1,"2010",6,3.71311812411442,"virtualspecies","virtualspecies"
18,"18 50 null 3",-39.5,171.5,1,"2010",6,4.34874785773818,"virtualspecies","virtualspecies"
18,"18 50 null 3",-41.5,124.5,1,"2010",6,0.50510048695278,"virtualspecies","virtualspecies"
18,"18 50 null 3",-54.5,-92.5,1,"2010",6,0.00360833920453767,"virtualspecies","virtualspecies"
18,"18 50 null 3",-59.5,-113.5,1,"2010",6,0.00342944629922868,"virtualspecies","virtualspecies"
18,"18 50 null 3",25.5,-164.5,1,"2010",6,2.22701376268384,"virtualspecies","virtualspecies"
18,"18 50 null 3",-48.5,-39.5,1,"2010",6,0.197359514103376,"virtualspecies","virtualspecies"
18,"18 50 null 3",-51.5,73.5,1,"2010",6,0.00256042373822968,"virtualspecies","virtualspecies"
18,"18 50 null 3",19.5,-150.5,1,"2010",6,4.41344049259065,"virtualspecies","virtualspecies"
18,"18 50 null 3",4.5,-137.5,1,"2010",6,0.00300379796901707,"virtualspecies","virtualspecies"
18,"18 50 null 3",-57.5,46.5,1,"2010",6,2.43951885630029e-05,"virtualspecies","virtualspecies"
18,"18 50 null 3",-31.5,-127.5,1,"2010",6,3.28179725767418,"virtualspecies","virtualspecies"
18,"18 50 null 3",-60.5,23.5,1,"2010",6,0.000239524811098572,"virtualspecies","virtualspecies"
18,"18 50 null 3",15.5,64.5,1,"2010",6,0.00243939163784125,"virtualspecies","virtualspecies"
18,"18 50 null 3",43.5,-169.5,1,"2010",6,3.91711228829999,"virtualspecies","virtualspecies"
18,"18 50 null 3",16.5,-73.5,1,"2010",6,2.08932031505226,"virtualspecies","virtualspecies"
18,"18 50 null 3",-25.5,-110.5,1,"2010",6,0.369564096972738,"virtualspecies","virtualspecies"
18,"18 50 null 3",32.5,-147.5,1,"2010",6,0.481832144037455,"virtualspecies","virtualspecies"
18,"18 50 null 3",-68.5,-146.5,1,"2010",6,0.000168962673619324,"virtualspecies","virtualspecies"
18,"18 50 null 3",-52.5,22.5,1,"2010",6,0.000209508172864957,"virtualspecies","virtualspecies"
18,"18 50 null 3",76.5,-134.5,1,"2010",6,1.09587659057857,"virtualspecies","virtualspecies"
18,"18 50 null 3",-6.5,-128.5,1,"2010",6,3.48470861500301e-05,"virtualspecies","virtualspecies"
18,"18 50 null 3",-9.5,152.5,1,"2010",6,0.209538205256926,"virtualspecies","virtualspecies"
18,"18 50 null 3",-63.5,-95.5,1,"2010",6,0.000377845384057837,"virtualspecies","virtualspecies"
18,"18 50 null 3",25.5,-167.5,1,"2010",6,0.206380313718184,"virtualspecies","virtualspecies"
18,"18 50 null 3",-2.5,-22.5,1,"2010",6,0.0861521382488548,"virtualspecies","virtualspecies"
18,"18 50 null 3",-64.5,-137.5,1,"2010",6,7.99180808295724e-05,"virtualspecies","virtualspecies"
18,"18 50 null 3",-40.5,-166.5,1,"2010",6,0.293125034827406,"virtualspecies","virtualspecies"
18,"18 50 null 3",-47.5,-20.5,1,"2010",6,4.31570739376602,"virtualspecies","virtualspecies"
18,"18 50 null 3",5.5,-136.5,1,"2010",6,0.0414994393826042,"virtualspecies","virtualspecies"
18,"18 50 null 3",-39.5,19.5,1,"2010",6,0.102250852142295,"virtualspecies","virtualspecies"
18,"18 50 null 3",-26.5,-45.5,1,"2010",6,0.457202256371233,"virtualspecies","virtualspecies"
18,"18 50 null 3",-14.5,56.5,1,"2010",6,0.0652822248927548,"virtualspecies","virtualspecies"
18,"18 50 null 3",-28.5,-5.5,1,"2010",6,0.301877402048799,"virtualspecies","virtualspecies"
18,"18 50 null 3",-46.5,-80.5,1,"2010",6,4.77850050972976,"virtualspecies","virtualspecies"
18,"18 50 null 3",-66.5,8.5,1,"2010",6,8.13579035226905e-05,"virtualspecies","virtualspecies"
18,"18 50 null 3",-37.5,137.5,1,"2010",6,0.909725684220148,"virtualspecies","virtualspecies"
18,"18 50 null 3",8.5,-154.5,1,"2010",6,0.197150092102307,"virtualspecies","virtualspecies"
18,"18 50 null 3",-2.5,-106.5,1,"2010",6,0.000225794093792875,"virtualspecies","virtualspecies"
19,"19 50 null 3",51.5,150.5,1,"2010",6,0.000130895255794177,"virtualspecies","virtualspecies"
19,"19 50 null 3",28.5,-122.5,1,"2010",6,0.202052193157974,"virtualspecies","virtualspecies"
19,"19 50 null 3",53.5,173.5,1,"2010",6,0.308597724418942,"virtualspecies","virtualspecies"
19,"19 50 null 3",-20.5,43.5,1,"2010",6,4.76580109922755,"virtualspecies","virtualspecies"
19,"19 50 null 3",-59.5,48.5,1,"2010",6,0.591932623522849,"virtualspecies","virtualspecies"
19,"19 50 null 3",-27.5,73.5,1,"2010",6,11.3821014814945,"virtualspecies","virtualspecies"
19,"19 50 null 3",-47.5,99.5,1,"2010",6,0.406762427120555,"virtualspecies","virtualspecies"
19,"19 50 null 3",13.5,-171.5,1,"2010",6,0.614529343879994,"virtualspecies","virtualspecies"
19,"19 50 null 3",-57.5,-6.5,1,"2010",6,0.106372236087483,"virtualspecies","virtualspecies"
19,"19 50 null 3",51.5,170.5,1,"2010",6,2.00445163877546,"virtualspecies","virtualspecies"
19,"19 50 null 3",22.5,-66.5,1,"2010",6,3.73893919992668,"virtualspecies","virtualspecies"
19,"19 50 null 3",20.5,-141.5,1,"2010",6,0.077751849770592,"virtualspecies","virtualspecies"
19,"19 50 null 3",-39.5,171.5,1,"2010",6,0.781100925496928,"virtualspecies","virtualspecies"
19,"19 50 null 3",-41.5,124.5,1,"2010",6,0.933228838110204,"virtualspecies","virtualspecies"
19,"19 50 null 3",-54.5,-92.5,1,"2010",6,1.29086053510076,"virtualspecies","virtualspecies"
19,"19 50 null 3",-59.5,-113.5,1,"2010",6,0.487048581158184,"virtualspecies","virtualspecies"
19,"19 50 null 3",25.5,-164.5,1,"2010",6,8.69951574995473,"virtualspecies","virtualspecies"
19,"19 50 null 3",-48.5,-39.5,1,"2010",6,0.690399831252413,"virtualspecies","virtualspecies"
19,"19 50 null 3",-51.5,73.5,1,"2010",6,0.488382177012177,"virtualspecies","virtualspecies"
19,"19 50 null 3",19.5,-150.5,1,"2010",6,0.739502610493112,"virtualspecies","virtualspecies"
19,"19 50 null 3",4.5,-137.5,1,"2010",6,0.476825357694764,"virtualspecies","virtualspecies"
19,"19 50 null 3",-57.5,46.5,1,"2010",6,3.17828603776177,"virtualspecies","virtualspecies"
19,"19 50 null 3",-31.5,-127.5,1,"2010",6,4.63387203997471,"virtualspecies","virtualspecies"
19,"19 50 null 3",-60.5,23.5,1,"2010",6,1.92458678438961,"virtualspecies","virtualspecies"
19,"19 50 null 3",15.5,64.5,1,"2010",6,0.564653760810462,"virtualspecies","virtualspecies"
19,"19 50 null 3",43.5,-169.5,1,"2010",6,1.55282438035338,"virtualspecies","virtualspecies"
19,"19 50 null 3",16.5,-73.5,1,"2010",6,1.4390899685987,"virtualspecies","virtualspecies"
19,"19 50 null 3",-25.5,-110.5,1,"2010",6,0.0864186771773184,"virtualspecies","virtualspecies"
19,"19 50 null 3",32.5,-147.5,1,"2010",6,4.6939094525793,"virtualspecies","virtualspecies"
19,"19 50 null 3",-68.5,-146.5,1,"2010",6,1.61986261421639,"virtualspecies","virtualspecies"
19,"19 50 null 3",-52.5,22.5,1,"2010",6,0.391149100119154,"virtualspecies","virtualspecies"
19,"19 50 null 3",76.5,-134.5,1,"2010",6,0.55213653609654,"virtualspecies","virtualspecies"
19,"19 50 null 3",-6.5,-128.5,1,"2010",6,0.126049843840259,"virtualspecies","virtualspecies"
19,"19 50 null 3",-9.5,152.5,1,"2010",6,7.75022105185476,"virtualspecies","virtualspecies"
19,"19 50 null 3",-63.5,-95.5,1,"2010",6,0.42042401331635,"virtualspecies","virtualspecies"
19,"19 50 null 3",25.5,-167.5,1,"2010",6,0.875407664917635,"virtualspecies","virtualspecies"
19,"19 50 null 3",-2.5,-22.5,1,"2010",6,1.2305368675488,"virtualspecies","virtualspecies"
19,"19 50 null 3",-64.5,-137.5,1,"2010",6,3.42479097158491,"virtualspecies","virtualspecies"
19,"19 50 null 3",-40.5,-166.5,1,"2010",6,4.96358584085919,"virtualspecies","virtualspecies"
19,"19 50 null 3",-47.5,-20.5,1,"2010",6,1.62043634170324,"virtualspecies","virtualspecies"
19,"19 50 null 3",5.5,-136.5,1,"2010",6,0.442529782428081,"virtualspecies","virtualspecies"
19,"19 50 null 3",-39.5,19.5,1,"2010",6,3.27127789409935,"virtualspecies","virtualspecies"
19,"19 50 null 3",-26.5,-45.5,1,"2010",6,0.321351102802071,"virtualspecies","virtualspecies"
19,"19 50 null 3",-14.5,56.5,1,"2010",6,1.34566436209704,"virtualspecies","virtualspecies"
19,"19 50 null 3",-28.5,-5.5,1,"2010",6,1.99539690149823,"virtualspecies","virtualspecies"
19,"19 50 null 3",-46.5,-80.5,1,"2010",6,0.150630203947144,"virtualspecies","virtualspecies"
19,"19 50 null 3",-66.5,8.5,1,"2010",6,2.99379886155346,"virtualspecies","virtualspecies"
19,"19 50 null 3",-37.5,137.5,1,"2010",6,0.446690712672584,"virtualspecies","virtualspecies"
19,"19 50 null 3",8.5,-154.5,1,"2010",6,0.22252330651841,"virtualspecies","virtualspecies"
19,"19 50 null 3",-2.5,-106.5,1,"2010",6,0.363410337956452,"virtualspecies","virtualspecies"
20,"20 50 null 3",51.5,150.5,1,"2010",6,7.76548852457149e-05,"virtualspecies","virtualspecies"
20,"20 50 null 3",28.5,-122.5,1,"2010",6,2.08599848675019,"virtualspecies","virtualspecies"
20,"20 50 null 3",53.5,173.5,1,"2010",6,0.0488466484523182,"virtualspecies","virtualspecies"
20,"20 50 null 3",-20.5,43.5,1,"2010",6,2.06530574039276,"virtualspecies","virtualspecies"
20,"20 50 null 3",-59.5,48.5,1,"2010",6,0.129676797916185,"virtualspecies","virtualspecies"
20,"20 50 null 3",-27.5,73.5,1,"2010",6,5.02840813983127,"virtualspecies","virtualspecies"
20,"20 50 null 3",-47.5,99.5,1,"2010",6,0.942819603089469,"virtualspecies","virtualspecies"
20,"20 50 null 3",13.5,-171.5,1,"2010",6,0.578411846656348,"virtualspecies","virtualspecies"
20,"20 50 null 3",-57.5,-6.5,1,"2010",6,0.787167468568651,"virtualspecies","virtualspecies"
20,"20 50 null 3",51.5,170.5,1,"2010",6,0.459031713753462,"virtualspecies","virtualspecies"
20,"20 50 null 3",22.5,-66.5,1,"2010",6,2.94116400035398,"virtualspecies","virtualspecies"
20,"20 50 null 3",20.5,-141.5,1,"2010",6,0.305747847037396,"virtualspecies","virtualspecies"
20,"20 50 null 3",-39.5,171.5,1,"2010",6,0.521297848453119,"virtualspecies","virtualspecies"
20,"20 50 null 3",-41.5,124.5,1,"2010",6,0.657095405372901,"virtualspecies","virtualspecies"
20,"20 50 null 3",-54.5,-92.5,1,"2010",6,0.476556296693591,"virtualspecies","virtualspecies"
20,"20 50 null 3",-59.5,-113.5,1,"2010",6,0.137371084922382,"virtualspecies","virtualspecies"
20,"20 50 null 3",25.5,-164.5,1,"2010",6,0.524919247359823,"virtualspecies","virtualspecies"
20,"20 50 null 3",-48.5,-39.5,1,"2010",6,1.22423997432534,"virtualspecies","virtualspecies"
20,"20 50 null 3",-51.5,73.5,1,"2010",6,3.6400459755523,"virtualspecies","virtualspecies"
20,"20 50 null 3",19.5,-150.5,1,"2010",6,0.75176084860734,"virtualspecies","virtualspecies"
20,"20 50 null 3",4.5,-137.5,1,"2010",6,0.291002792528046,"virtualspecies","virtualspecies"
20,"20 50 null 3",-57.5,46.5,1,"2010",6,1.99360989545173,"virtualspecies","virtualspecies"
20,"20 50 null 3",-31.5,-127.5,1,"2010",6,1.9577639622393,"virtualspecies","virtualspecies"
20,"20 50 null 3",-60.5,23.5,1,"2010",6,1.30579252404127,"virtualspecies","virtualspecies"
20,"20 50 null 3",15.5,64.5,1,"2010",6,2.04881643836349,"virtualspecies","virtualspecies"
20,"20 50 null 3",43.5,-169.5,1,"2010",6,1.35535901463355,"virtualspecies","virtualspecies"
20,"20 50 null 3",16.5,-73.5,1,"2010",6,1.13597159405098,"virtualspecies","virtualspecies"
20,"20 50 null 3",-25.5,-110.5,1,"2010",6,0.151579966479212,"virtualspecies","virtualspecies"
20,"20 50 null 3",32.5,-147.5,1,"2010",6,1.27372784185242,"virtualspecies","virtualspecies"
20,"20 50 null 3",-68.5,-146.5,1,"2010",6,0.624679357725977,"virtualspecies","virtualspecies"
20,"20 50 null 3",-52.5,22.5,1,"2010",6,4.82332008702844,"virtualspecies","virtualspecies"
20,"20 50 null 3",76.5,-134.5,1,"2010",6,1.45596710098699,"virtualspecies","virtualspecies"
20,"20 50 null 3",-6.5,-128.5,1,"2010",6,7.72948285449655,"virtualspecies","virtualspecies"
20,"20 50 null 3",-9.5,152.5,1,"2010",6,0.682996159628201,"virtualspecies","virtualspecies"
20,"20 50 null 3",-63.5,-95.5,1,"2010",6,1.53903021598968,"virtualspecies","virtualspecies"
20,"20 50 null 3",25.5,-167.5,1,"2010",6,0.119485199942304,"virtualspecies","virtualspecies"
20,"20 50 null 3",-2.5,-22.5,1,"2010",6,0.832292795996731,"virtualspecies","virtualspecies"
20,"20 50 null 3",-64.5,-137.5,1,"2010",6,0.319264428459036,"virtualspecies","virtualspecies"
20,"20 50 null 3",-40.5,-166.5,1,"2010",6,1.10370734771073,"virtualspecies","virtualspecies"
20,"20 50 null 3",-47.5,-20.5,1,"2010",6,4.47346921679714,"virtualspecies","virtualspecies"
20,"20 50 null 3",5.5,-136.5,1,"2010",6,0.0726262740709359,"virtualspecies","virtualspecies"
20,"20 50 null 3",-39.5,19.5,1,"2010",6,0.824081851077756,"virtualspecies","virtualspecies"
20,"20 50 null 3",-26.5,-45.5,1,"2010",6,0.141597342101699,"virtualspecies","virtualspecies"
20,"20 50 null 3",-14.5,56.5,1,"2010",6,2.17252937964741,"virtualspecies","virtualspecies"
20,"20 50 null 3",-28.5,-5.5,1,"2010",6,0.54089551488587,"virtualspecies","virtualspecies"
20,"20 50 null 3",-46.5,-80.5,1,"2010",6,3.49542603622502,"virtualspecies","virtualspecies"
20,"20 50 null 3",-66.5,8.5,1,"2010",6,0.555112481312077,"virtualspecies","virtualspecies"
20,"20 50 null 3",-37.5,137.5,1,"2010",6,1.61571605122438,"virtualspecies","virtualspecies"
20,"20 50 null 3",8.5,-154.5,1,"2010",6,3.44535493561456,"virtualspecies","virtualspecies"
20,"20 50 null 3",-2.5,-106.5,1,"2010",6,3.69496292793093,"virtualspecies","virtualspecies"
